101 101
-2.500000000000e-04 -2.500000000000e-04
5.000000000000e-06 5.000000000000e-06
4.977319384063e+04 5.240413014429e+04 5.511675040193e+04 5.790949434704e+04 6.078046550252e+04 6.372742223684e+04 6.674777021071e+04 6.983855633156e+04 7.299646432736e+04 7.621781204489e+04 7.949855056944e+04 8.283426525385e+04 8.622017873460e+04 8.965115600134e+04 9.312171157375e+04 9.662601882645e+04 1.001579214887e+05 1.037109473308e+05 1.072783240341e+05 1.108529972262e+05 1.144276506466e+05 1.179947283926e+05 1.215464591772e+05 1.250748825122e+05 1.285718767074e+05 1.320291885538e+05 1.354384645312e+05 1.387912833531e+05 1.420791896393e+05 1.452937284931e+05 1.484264807562e+05 1.514690987372e+05 1.544133422374e+05 1.572511147429e+05 1.599744996886e+05 1.625757967149e+05 1.650475578233e+05 1.673826232765e+05 1.695741570028e+05 1.716156811569e+05 1.735011094026e+05 1.752247784327e+05 1.767814772552e+05 1.781664738482e+05 1.793755389092e+05 1.804049665653e+05 1.812515920370e+05 1.819128063373e+05 1.823865681263e+05 1.826714128346e+05 1.827664591388e+05 1.826714128346e+05 1.823865681263e+05 1.819128063373e+05 1.812515920370e+05 1.804049665653e+05 1.793755389092e+05 1.781664738482e+05 1.767814772552e+05 1.752247784327e+05 1.735011094026e+05 1.716156811569e+05 1.695741570028e+05 1.673826232765e+05 1.650475578233e+05 1.625757967149e+05 1.599744996886e+05 1.572511147429e+05 1.544133422374e+05 1.514690987372e+05 1.484264807562e+05 1.452937284931e+05 1.420791896393e+05 1.387912833531e+05 1.354384645312e+05 1.320291885538e+05 1.285718767074e+05 1.250748825122e+05 1.215464591772e+05 1.179947283926e+05 1.144276506466e+05 1.108529972262e+05 1.072783240341e+05 1.037109473308e+05 1.001579214887e+05 9.662601882645e+04 9.312171157375e+04 8.965115600134e+04 8.622017873460e+04 8.283426525385e+04 7.949855056944e+04 7.621781204489e+04 7.299646432736e+04 6.983855633156e+04 6.674777021071e+04 6.372742223684e+04 6.078046550252e+04 5.790949434704e+04 5.511675040193e+04 5.240413014429e+04 4.977319384063e+04
5.240413014429e+04 5.517413379124e+04 5.803013908334e+04 6.097050328073e+04 6.399322966140e+04 6.709595810453e+04 7.027595713797e+04 7.353011757308e+04 7.685494784469e+04 8.024657116653e+04 8.370072460439e+04 8.721276015971e+04 9.077764794530e+04 9.438998152339e+04 9.804398546320e+04 1.017335251617e+05 1.054521189574e+05 1.091929525522e+05 1.129488957433e+05 1.167125214522e+05 1.204761270231e+05 1.242317577490e+05 1.279712325616e+05 1.316861717980e+05 1.353680269179e+05 1.390081120017e+05 1.425976368035e+05 1.461277410768e+05 1.495895298491e+05 1.529741093099e+05 1.562726230133e+05 1.594762881893e+05 1.625764320998e+05 1.655645285356e+05 1.684322346863e+05 1.711714286685e+05 1.737742479313e+05 1.762331285521e+05 1.785408451205e+05 1.806905505515e+05 1.826758148555e+05 1.844906617267e+05 1.861296018307e+05 1.875876619068e+05 1.888604091767e+05 1.899439709929e+05 1.908350500568e+05 1.915309357988e+05 1.920295126225e+05 1.923292656626e+05 1.924292845701e+05 1.923292656626e+05 1.920295126225e+05 1.915309357988e+05 1.908350500568e+05 1.899439709929e+05 1.888604091767e+05 1.875876619068e+05 1.861296018307e+05 1.844906617267e+05 1.826758148555e+05 1.806905505515e+05 1.785408451205e+05 1.762331285521e+05 1.737742479313e+05 1.711714286685e+05 1.684322346863e+05 1.655645285356e+05 1.625764320998e+05 1.594762881893e+05 1.562726230133e+05 1.529741093099e+05 1.495895298491e+05 1.461277410768e+05 1.425976368035e+05 1.390081120017e+05 1.353680269179e+05 1.316861717980e+05 1.279712325616e+05 1.242317577490e+05 1.204761270231e+05 1.167125214522e+05 1.129488957433e+05 1.091929525522e+05 1.054521189574e+05 1.017335251617e+05 9.804398546320e+04 9.438998152339e+04 9.077764794530e+04 8.721276015971e+04 8.370072460439e+04 8.024657116653e+04 7.685494784469e+04 7.353011757308e+04 7.027595713797e+04 6.709595810453e+04 6.399322966140e+04 6.097050328073e+04 5.803013908334e+04 5.517413379124e+04 5.240413014429e+04
5.511675040193e+04 5.803013908334e+04 6.103398115452e+04 6.412654884169e+04 6.730574206554e+04 7.056907853720e+04 7.391368539399e+04 7.733629250486e+04 8.083322756910e+04 8.440041312459e+04 8.803336557311e+04 9.172719632038e+04 9.547661511712e+04 9.927593567567e+04 1.031190836239e+05 1.069996068460e+05 1.109106882460e+05 1.148451609633e+05 1.187955260541e+05 1.227539726535e+05 1.267124006167e+05 1.306624456309e+05 1.345955067560e+05 1.385027763056e+05 1.423752718923e+05 1.462038703419e+05 1.499793430377e+05 1.536923921111e+05 1.573336868051e+05 1.608938993569e+05 1.643637399166e+05 1.677339903769e+05 1.709955374768e+05 1.741394060755e+05 1.771567939100e+05 1.800391092898e+05 1.827780129197e+05 1.853654643466e+05 1.877937724999e+05 1.900556486484e+05 1.921442591261e+05 1.940532746440e+05 1.957769130888e+05 1.973099734125e+05 1.986478593892e+05 1.997865933715e+05 2.007228214053e+05 2.014538119096e+05 2.019774504717e+05 2.022922331895e+05 2.023972605434e+05 2.022922331895e+05 2.019774504717e+05 2.014538119096e+05 2.007228214053e+05 1.997865933715e+05 1.986478593892e+05 1.973099734125e+05 1.957769130888e+05 1.940532746440e+05 1.921442591261e+05 1.900556486484e+05 1.877937724999e+05 1.853654643466e+05 1.827780129197e+05 1.800391092898e+05 1.771567939100e+05 1.741394060755e+05 1.709955374768e+05 1.677339903769e+05 1.643637399166e+05 1.608938993569e+05 1.573336868051e+05 1.536923921111e+05 1.499793430377e+05 1.462038703419e+05 1.423752718923e+05 1.385027763056e+05 1.345955067560e+05 1.306624456309e+05 1.267124006167e+05 1.227539726535e+05 1.187955260541e+05 1.148451609633e+05 1.109106882460e+05 1.069996068460e+05 1.031190836239e+05 9.927593567567e+04 9.547661511712e+04 9.172719632038e+04 8.803336557311e+04 8.440041312459e+04 8.083322756910e+04 7.733629250486e+04 7.391368539399e+04 7.056907853720e+04 6.730574206554e+04 6.412654884169e+04 6.103398115452e+04 5.803013908334e+04 5.511675040193e+04
5.790949434704e+04 6.097050328073e+04 6.412654884169e+04 6.737581571051e+04 7.071609739770e+04 7.414478583778e+04 7.765886260129e+04 8.125489186097e+04 8.492901524221e+04 8.867694867991e+04 9.249398139493e+04 9.637497709330e+04 1.003143774801e+05 1.043062081691e+05 1.083440870594e+05 1.124212352408e+05 1.165304904902e+05 1.206643234194e+05 1.248148563509e+05 1.289738850078e+05 1.331329031199e+05 1.372831300321e+05 1.414155413442e+05 1.455209024695e+05 1.495898047553e+05 1.536127034519e+05 1.575799564055e+05 1.614818619629e+05 1.653086943837e+05 1.690507352214e+05 1.726982997913e+05 1.762417590257e+05 1.796715585642e+05 1.829782385254e+05 1.861524585744e+05 1.891850331791e+05 1.920669809927e+05 1.947895900934e+05 1.973444976696e+05 1.997237793435e+05 2.019200404836e+05 2.039265003549e+05 2.057370602381e+05 2.073463487394e+05 2.087497409424e+05 2.099433520406e+05 2.109240097413e+05 2.116892123449e+05 2.122370805957e+05 2.125663112204e+05 2.126761388490e+05 2.125663112204e+05 2.122370805957e+05 2.116892123449e+05 2.109240097413e+05 2.099433520406e+05 2.087497409424e+05 2.073463487394e+05 2.057370602381e+05 2.039265003549e+05 2.019200404836e+05 1.997237793435e+05 1.973444976696e+05 1.947895900934e+05 1.920669809927e+05 1.891850331791e+05 1.861524585744e+05 1.829782385254e+05 1.796715585642e+05 1.762417590257e+05 1.726982997913e+05 1.690507352214e+05 1.653086943837e+05 1.614818619629e+05 1.575799564055e+05 1.536127034519e+05 1.495898047553e+05 1.455209024695e+05 1.414155413442e+05 1.372831300321e+05 1.331329031199e+05 1.289738850078e+05 1.248148563509e+05 1.206643234194e+05 1.165304904902e+05 1.124212352408e+05 1.083440870594e+05 1.043062081691e+05 1.003143774801e+05 9.637497709330e+04 9.249398139493e+04 8.867694867991e+04 8.492901524221e+04 8.125489186097e+04 7.765886260129e+04 7.414478583778e+04 7.071609739770e+04 6.737581571051e+04 6.412654884169e+04 6.097050328073e+04 5.790949434704e+04
6.078046550252e+04 6.399322966140e+04 6.730574206554e+04 7.071609739770e+04 7.422197977755e+04 7.782065183992e+04 8.150894551112e+04 8.528325462652e+04 8.913952952591e+04 9.307327375525e+04 9.707954299434e+04 1.011529463206e+05 1.052876499101e+05 1.094773832705e+05 1.137154481004e+05 1.179947298806e+05 1.223077123280e+05 1.266464948936e+05 1.310028135562e+05 1.353680652433e+05 1.397333362701e+05 1.440894351640e+05 1.484269300611e+05 1.527361904171e+05 1.570074320306e+05 1.612307633242e+05 1.653962296593e+05 1.694938514636e+05 1.735136516063e+05 1.774456682294e+05 1.812799514550e+05 1.850065460288e+05 1.886154664820e+05 1.920966758136e+05 1.954400816704e+05 1.986355642901e+05 2.016730472739e+05 2.045426156594e+05 2.072346768029e+05 2.097401501404e+05 2.120506642196e+05 2.141587354576e+05 2.160579040539e+05 2.177428083174e+05 2.192091881298e+05 2.204538193006e+05 2.214743908621e+05 2.222693450038e+05 2.228377032889e+05 2.231789029314e+05 2.232926639420e+05 2.231789029314e+05 2.228377032889e+05 2.222693450038e+05 2.214743908621e+05 2.204538193006e+05 2.192091881298e+05 2.177428083174e+05 2.160579040539e+05 2.141587354576e+05 2.120506642196e+05 2.097401501404e+05 2.072346768029e+05 2.045426156594e+05 2.016730472739e+05 1.986355642901e+05 1.954400816704e+05 1.920966758136e+05 1.886154664820e+05 1.850065460288e+05 1.812799514550e+05 1.774456682294e+05 1.735136516063e+05 1.694938514636e+05 1.653962296593e+05 1.612307633242e+05 1.570074320306e+05 1.527361904171e+05 1.484269300611e+05 1.440894351640e+05 1.397333362701e+05 1.353680652433e+05 1.310028135562e+05 1.266464948936e+05 1.223077123280e+05 1.179947298806e+05 1.137154481004e+05 1.094773832705e+05 1.052876499101e+05 1.011529463206e+05 9.707954299434e+04 9.307327375525e+04 8.913952952591e+04 8.528325462652e+04 8.150894551112e+04 7.782065183992e+04 7.422197977755e+04 7.071609739770e+04 6.730574206554e+04 6.399322966140e+04 6.078046550252e+04
6.372742223684e+04 6.709595810453e+04 7.056907853720e+04 7.414478583778e+04 7.782065183992e+04 8.159380645663e+04 8.546092800951e+04 8.941823548869e+04 9.346148288702e+04 9.758595574443e+04 1.017864700305e+05 1.060573734876e+05 1.103925495550e+05 1.147854240076e+05 1.192289744709e+05 1.237157430490e+05 1.282378524162e+05 1.327870259138e+05 1.373546124313e+05 1.419316171068e+05 1.465087390397e+05 1.510764170927e+05 1.556248842381e+05 1.601442295244e+05 1.646244645083e+05 1.690555880308e+05 1.734276400785e+05 1.777307331133e+05 1.819550489482e+05 1.860907921972e+05 1.901280981933e+05 1.940569036974e+05 1.978668009969e+05 2.015469072697e+05 2.050857878727e+05 2.084714714588e+05 2.116915848969e+05 2.147336175234e+05 2.175853003498e+05 2.202350614372e+05 2.226724993282e+05 2.248888069766e+05 2.268770816545e+05 2.286324715910e+05 2.301521345437e+05 2.314350121423e+05 2.324814511302e+05 2.332927238058e+05 2.338705121124e+05 2.342164221512e+05 2.343315894420e+05 2.342164221512e+05 2.338705121124e+05 2.332927238058e+05 2.324814511302e+05 2.314350121423e+05 2.301521345437e+05 2.286324715910e+05 2.268770816545e+05 2.248888069766e+05 2.226724993282e+05 2.202350614372e+05 2.175853003498e+05 2.147336175234e+05 2.116915848969e+05 2.084714714588e+05 2.050857878727e+05 2.015469072697e+05 1.978668009969e+05 1.940569036974e+05 1.901280981933e+05 1.860907921972e+05 1.819550489482e+05 1.777307331133e+05 1.734276400785e+05 1.690555880308e+05 1.646244645083e+05 1.601442295244e+05 1.556248842381e+05 1.510764170927e+05 1.465087390397e+05 1.419316171068e+05 1.373546124313e+05 1.327870259138e+05 1.282378524162e+05 1.237157430490e+05 1.192289744709e+05 1.147854240076e+05 1.103925495550e+05 1.060573734876e+05 1.017864700305e+05 9.758595574443e+04 9.346148288702e+04 8.941823548869e+04 8.546092800951e+04 8.159380645663e+04 7.782065183992e+04 7.414478583778e+04 7.056907853720e+04 6.709595810453e+04 6.372742223684e+04
6.674777021071e+04 7.027595713797e+04 7.391368539399e+04 7.765886260129e+04 8.150894551112e+04 8.546092800951e+04 8.951133098843e+04 9.365619423992e+04 9.789107052479e+04 1.022110219618e+05 1.066106188805e+05 1.110839412874e+05 1.156245831203e+05 1.202256595317e+05 1.248798175750e+05 1.295792509090e+05 1.343157195307e+05 1.390805761040e+05 1.438648011492e+05 1.486590500166e+05 1.534537148804e+05 1.582390044260e+05 1.630050418432e+05 1.677419776254e+05 1.724401073638e+05 1.770899768435e+05 1.816824489834e+05 1.862087022291e+05 1.906601311248e+05 1.950281297244e+05 1.993037582870e+05 2.034773215414e+05 2.075379177121e+05 2.114730438655e+05 2.152683566015e+05 2.189076809047e+05 2.223733313786e+05 2.256467619165e+05 2.287095003935e+05 2.315442662659e+05 2.341361239598e+05 2.364735041246e+05 2.385489336008e+05 2.403593523260e+05 2.419059543972e+05 2.431935601303e+05 2.442295938340e+05 2.450227971854e+05 2.455818429356e+05 2.459140247502e+05 2.460241868050e+05 2.459140247502e+05 2.455818429356e+05 2.450227971854e+05 2.442295938340e+05 2.431935601303e+05 2.419059543972e+05 2.403593523260e+05 2.385489336008e+05 2.364735041246e+05 2.341361239598e+05 2.315442662659e+05 2.287095003935e+05 2.256467619165e+05 2.223733313786e+05 2.189076809047e+05 2.152683566015e+05 2.114730438655e+05 2.075379177121e+05 2.034773215414e+05 1.993037582870e+05 1.950281297244e+05 1.906601311248e+05 1.862087022291e+05 1.816824489834e+05 1.770899768435e+05 1.724401073638e+05 1.677419776254e+05 1.630050418432e+05 1.582390044260e+05 1.534537148804e+05 1.486590500166e+05 1.438648011492e+05 1.390805761040e+05 1.343157195307e+05 1.295792509090e+05 1.248798175750e+05 1.202256595317e+05 1.156245831203e+05 1.110839412874e+05 1.066106188805e+05 1.022110219618e+05 9.789107052479e+04 9.365619423992e+04 8.951133098843e+04 8.546092800951e+04 8.150894551112e+04 7.765886260129e+04 7.391368539399e+04 7.027595713797e+04 6.674777021071e+04
6.983855633156e+04 7.353011757308e+04 7.733629250486e+04 8.125489186097e+04 8.528325462652e+04 8.941823548869e+04 9.365619423992e+04 9.799298730005e+04 1.024239615203e+05 1.069439504332e+05 1.115472731266e+05 1.162277359644e+05 1.209786374856e+05 1.257927770353e+05 1.306624681091e+05 1.355795581177e+05 1.405354574020e+05 1.455211818677e+05 1.505274153878e+05 1.555445996433e+05 1.605630593935e+05 1.655731689081e+05 1.705655589360e+05 1.755313519800e+05 1.804623969589e+05 1.853514548125e+05 1.901922691116e+05 1.949794472708e+05 1.997080861055e+05 2.043731057397e+05 2.089683088211e+05 2.134852511770e+05 2.179120817900e+05 2.222325658878e+05 2.264255264699e+05 2.304649136346e+05 2.343206347263e+05 2.379601610818e+05 2.413507896041e+05 2.444623066961e+05 2.472697055079e+05 2.497555658936e+05 2.519117297833e+05 2.537399899014e+05 2.552516425304e+05 2.564659131705e+05 2.574074223314e+05 2.581029936551e+05 2.585781994096e+05 2.588540773731e+05 2.589444342344e+05 2.588540773731e+05 2.585781994096e+05 2.581029936551e+05 2.574074223314e+05 2.564659131705e+05 2.552516425304e+05 2.537399899014e+05 2.519117297833e+05 2.497555658936e+05 2.472697055079e+05 2.444623066961e+05 2.413507896041e+05 2.379601610818e+05 2.343206347263e+05 2.304649136346e+05 2.264255264699e+05 2.222325658878e+05 2.179120817900e+05 2.134852511770e+05 2.089683088211e+05 2.043731057397e+05 1.997080861055e+05 1.949794472708e+05 1.901922691116e+05 1.853514548125e+05 1.804623969589e+05 1.755313519800e+05 1.705655589360e+05 1.655731689081e+05 1.605630593935e+05 1.555445996433e+05 1.505274153878e+05 1.455211818677e+05 1.405354574020e+05 1.355795581177e+05 1.306624681091e+05 1.257927770353e+05 1.209786374856e+05 1.162277359644e+05 1.115472731266e+05 1.069439504332e+05 1.024239615203e+05 9.799298730005e+04 9.365619423992e+04 8.941823548869e+04 8.528325462652e+04 8.125489186097e+04 7.733629250486e+04 7.353011757308e+04 6.983855633156e+04
7.299646432736e+04 7.685494784469e+04 8.083322756910e+04 8.492901524221e+04 8.913952952591e+04 9.346148288702e+04 9.789107052479e+04 1.024239615203e+05 1.070552923915e+05 1.117796632593e+05 1.165911368968e+05 1.214832410886e+05 1.264489750697e+05 1.314808214830e+05 1.365707665078e+05 1.417103328099e+05 1.468906329431e+05 1.521024547095e+05 1.573363941688e+05 1.625830549920e+05 1.678333321423e+05 1.730787900652e+05 1.783121272681e+05 1.835276885513e+05 1.887219449779e+05 1.938938170604e+05 1.990446814550e+05 2.041778923862e+05 2.092976820929e+05 2.144073888594e+05 2.195070928253e+05 2.245908988970e+05 2.296442586425e+05 2.346418280730e+05 2.395463788087e+05 2.443091949412e+05 2.488721990896e+05 2.531717859782e+05 2.571440473284e+05 2.607308038339e+05 2.638856704815e+05 2.665793074923e+05 2.688030661590e+05 2.705704196073e+05 2.719158464746e+05 2.728911708634e+05 2.735597080844e+05 2.739888751794e+05 2.742421546712e+05 2.743714150733e+05 2.744105718188e+05 2.743714150733e+05 2.742421546712e+05 2.739888751794e+05 2.735597080844e+05 2.728911708634e+05 2.719158464746e+05 2.705704196073e+05 2.688030661590e+05 2.665793074923e+05 2.638856704815e+05 2.607308038339e+05 2.571440473284e+05 2.531717859782e+05 2.488721990896e+05 2.443091949412e+05 2.395463788086e+05 2.346418280730e+05 2.296442586425e+05 2.245908988970e+05 2.195070928253e+05 2.144073888594e+05 2.092976820929e+05 2.041778923862e+05 1.990446814550e+05 1.938938170604e+05 1.887219449779e+05 1.835276885513e+05 1.783121272681e+05 1.730787900652e+05 1.678333321423e+05 1.625830549920e+05 1.573363941688e+05 1.521024547095e+05 1.468906329431e+05 1.417103328099e+05 1.365707665078e+05 1.314808214830e+05 1.264489750697e+05 1.214832410886e+05 1.165911368968e+05 1.117796632593e+05 1.070552923915e+05 1.024239615203e+05 9.789107052479e+04 9.346148288702e+04 8.913952952591e+04 8.492901524221e+04 8.083322756910e+04 7.685494784469e+04 7.299646432736e+04
7.621781204489e+04 8.024657116653e+04 8.440041312459e+04 8.867694867991e+04 9.307327375525e+04 9.758595574443e+04 1.022110219618e+05 1.069439504332e+05 1.117796632593e+05 1.167125228655e+05 1.217363316623e+05 1.268443361084e+05 1.320292371350e+05 1.372832107343e+05 1.425979457412e+05 1.479647109815e+05 1.533744713138e+05 1.588180811839e+05 1.642865932161e+05 1.697717240651e+05 1.752665139155e+05 1.807661919533e+05 1.862692112122e+05 1.917783407619e+05 1.973016089970e+05 2.028527987924e+05 2.084511348648e+05 2.141198121141e+05 2.198831207975e+05 2.257621398606e+05 2.317692727668e+05 2.379022370314e+05 2.441384117237e+05 2.504306137910e+05 2.567053501000e+05 2.628643523803e+05 2.687897705229e+05 2.743528447556e+05 2.794252968310e+05 2.838921783169e+05 2.876645781156e+05 2.906904778483e+05 2.929621721942e+05 2.945190267688e+05 2.954448865155e+05 2.958601104407e+05 2.959089162370e+05 2.957433818334e+05 2.955059756238e+05 2.953127840821e+05 2.952396082548e+05 2.953127840821e+05 2.955059756238e+05 2.957433818334e+05 2.959089162370e+05 2.958601104407e+05 2.954448865155e+05 2.945190267688e+05 2.929621721942e+05 2.906904778483e+05 2.876645781156e+05 2.838921783169e+05 2.794252968310e+05 2.743528447556e+05 2.687897705229e+05 2.628643523803e+05 2.567053501000e+05 2.504306137910e+05 2.441384117237e+05 2.379022370314e+05 2.317692727668e+05 2.257621398606e+05 2.198831207975e+05 2.141198121141e+05 2.084511348648e+05 2.028527987924e+05 1.973016089970e+05 1.917783407619e+05 1.862692112122e+05 1.807661919533e+05 1.752665139155e+05 1.697717240651e+05 1.642865932161e+05 1.588180811839e+05 1.533744713138e+05 1.479647109815e+05 1.425979457412e+05 1.372832107343e+05 1.320292371350e+05 1.268443361084e+05 1.217363316623e+05 1.167125228655e+05 1.117796632593e+05 1.069439504332e+05 1.022110219618e+05 9.758595574443e+04 9.307327375525e+04 8.867694867991e+04 8.440041312459e+04 8.024657116653e+04 7.621781204489e+04
7.949855056944e+04 8.370072460439e+04 8.803336557311e+04 9.249398139493e+04 9.707954299434e+04 1.017864700305e+05 1.066106188805e+05 1.115472731266e+05 1.165911368968e+05 1.217363316623e+05 1.269763976850e+05 1.323043025961e+05 1.377124621513e+05 1.431927829690e+05 1.487367451328e+05 1.543355549805e+05 1.599804154025e+05 1.656629806447e+05 1.713760794820e+05 1.771147944811e+05 1.828779613188e+05 1.886700848441e+05 1.945035469560e+05 2.004008085332e+05 2.063961090552e+05 2.125359941311e+05 2.188779228253e+05 2.254862944260e+05 2.324255339786e+05 2.397503824280e+05 2.474941801596e+05 2.556565824087e+05 2.641926407870e+05 2.730053789888e+05 2.819437913998e+05 2.908075960038e+05 2.993591633403e+05 3.073419754424e+05 3.145039258883e+05 3.206229244130e+05 3.255317425778e+05 3.291388991469e+05 3.314426504836e+05 3.325357980169e+05 3.325999983273e+05 3.318894811321e+05 3.307054314580e+05 3.293636177177e+05 3.281589530565e+05 3.273313572318e+05 3.270373686620e+05 3.273313572318e+05 3.281589530565e+05 3.293636177177e+05 3.307054314580e+05 3.318894811321e+05 3.325999983273e+05 3.325357980169e+05 3.314426504836e+05 3.291388991469e+05 3.255317425778e+05 3.206229244130e+05 3.145039258883e+05 3.073419754424e+05 2.993591633403e+05 2.908075960038e+05 2.819437913998e+05 2.730053789888e+05 2.641926407870e+05 2.556565824087e+05 2.474941801596e+05 2.397503824280e+05 2.324255339786e+05 2.254862944260e+05 2.188779228253e+05 2.125359941311e+05 2.063961090552e+05 2.004008085332e+05 1.945035469560e+05 1.886700848441e+05 1.828779613188e+05 1.771147944811e+05 1.713760794820e+05 1.656629806447e+05 1.599804154025e+05 1.543355549805e+05 1.487367451328e+05 1.431927829690e+05 1.377124621513e+05 1.323043025961e+05 1.269763976850e+05 1.217363316623e+05 1.165911368968e+05 1.115472731266e+05 1.066106188805e+05 1.017864700305e+05 9.707954299434e+04 9.249398139493e+04 8.803336557311e+04 8.370072460439e+04 7.949855056944e+04
8.283426525385e+04 8.721276015971e+04 9.172719632038e+04 9.637497709330e+04 1.011529463206e+05 1.060573734876e+05 1.110839412874e+05 1.162277359644e+05 1.214832410886e+05 1.268443361084e+05 1.323043025961e+05 1.378558444044e+05 1.434911344009e+05 1.492019120505e+05 1.549796752047e+05 1.608160377401e+05 1.667033613701e+05 1.726358089453e+05 1.786109935312e+05 1.846323885304e+05 1.907125880709e+05 1.968773345551e+05 2.031699493723e+05 2.096554361199e+05 2.164231443206e+05 2.235866035510e+05 2.312791047759e+05 2.396439387615e+05 2.488189484008e+05 2.589161450565e+05 2.699983868724e+05 2.820562384556e+05 2.949888291122e+05 3.085925747838e+05 3.225609426009e+05 3.364971012910e+05 3.499395442429e+05 3.623989010378e+05 3.734024706001e+05 3.825417491276e+05 3.895175252876e+05 3.941770225669e+05 3.965380787093e+05 3.967964380704e+05 3.953138557293e+05 3.925867994417e+05 3.891979373223e+05 3.857550531871e+05 3.828241643134e+05 3.808650002975e+05 3.801772605899e+05 3.808650002975e+05 3.828241643134e+05 3.857550531871e+05 3.891979373223e+05 3.925867994417e+05 3.953138557293e+05 3.967964380704e+05 3.965380787093e+05 3.941770225669e+05 3.895175252876e+05 3.825417491276e+05 3.734024706001e+05 3.623989010378e+05 3.499395442429e+05 3.364971012910e+05 3.225609426009e+05 3.085925747838e+05 2.949888291122e+05 2.820562384556e+05 2.699983868724e+05 2.589161450565e+05 2.488189484008e+05 2.396439387615e+05 2.312791047759e+05 2.235866035510e+05 2.164231443206e+05 2.096554361199e+05 2.031699493723e+05 1.968773345551e+05 1.907125880709e+05 1.846323885304e+05 1.786109935312e+05 1.726358089453e+05 1.667033613701e+05 1.608160377401e+05 1.549796752047e+05 1.492019120505e+05 1.434911344009e+05 1.378558444044e+05 1.323043025961e+05 1.268443361084e+05 1.214832410886e+05 1.162277359644e+05 1.110839412874e+05 1.060573734876e+05 1.011529463206e+05 9.637497709330e+04 9.172719632038e+04 8.721276015971e+04 8.283426525385e+04
8.622017873460e+04 9.077764794530e+04 9.547661511712e+04 1.003143774801e+05 1.052876499101e+05 1.103925495550e+05 1.156245831203e+05 1.209786374856e+05 1.264489750697e+05 1.320292371350e+05 1.377124621513e+05 1.434911344009e+05 1.493572933474e+05 1.553027610958e+05 1.613195878647e+05 1.674008757799e+05 1.735422147864e+05 1.797440339450e+05 1.860152023139e+05 1.923781539193e+05 1.988756009539e+05 2.055784926630e+05 2.125942759029e+05 2.200737981821e+05 2.282145403595e+05 2.372575221921e+05 2.474754460567e+05 2.591506013838e+05 2.725427318063e+05 2.878492242550e+05 3.051621656209e+05 3.244284847780e+05 3.454200767174e+05 3.677202280532e+05 3.907308668700e+05 4.137024691046e+05 4.357853735414e+05 4.560983211210e+05 4.738076636856e+05 4.882091193076e+05 4.988032473351e+05 5.053559372303e+05 5.079361050264e+05 5.069244738250e+05 5.029898202829e+05 4.970323886579e+05 4.900981336682e+05 4.832716294415e+05 4.775592063759e+05 4.737763592460e+05 4.724540037161e+05 4.737763592460e+05 4.775592063759e+05 4.832716294415e+05 4.900981336682e+05 4.970323886579e+05 5.029898202829e+05 5.069244738250e+05 5.079361050264e+05 5.053559372303e+05 4.988032473351e+05 4.882091193076e+05 4.738076636856e+05 4.560983211210e+05 4.357853735414e+05 4.137024691046e+05 3.907308668700e+05 3.677202280532e+05 3.454200767174e+05 3.244284847780e+05 3.051621656209e+05 2.878492242550e+05 2.725427318063e+05 2.591506013838e+05 2.474754460567e+05 2.372575221921e+05 2.282145403595e+05 2.200737981821e+05 2.125942759029e+05 2.055784926630e+05 1.988756009539e+05 1.923781539193e+05 1.860152023139e+05 1.797440339450e+05 1.735422147864e+05 1.674008757799e+05 1.613195878647e+05 1.553027610958e+05 1.493572933474e+05 1.434911344009e+05 1.377124621513e+05 1.320292371350e+05 1.264489750697e+05 1.209786374856e+05 1.156245831203e+05 1.103925495550e+05 1.052876499101e+05 1.003143774801e+05 9.547661511712e+04 9.077764794530e+04 8.622017873460e+04
8.965115600134e+04 9.438998152339e+04 9.927593567567e+04 1.043062081691e+05 1.094773832705e+05 1.147854240076e+05 1.202256595317e+05 1.257927770353e+05 1.314808214830e+05 1.372832107343e+05 1.431927829690e+05 1.492019120505e+05 1.553027610958e+05 1.614878031813e+05 1.677508277790e+05 1.740887722271e+05 1.805048530025e+05 1.870135785140e+05 1.936482267492e+05 2.004711633187e+05 2.075868545456e+05 2.151565439398e+05 2.234123709344e+05 2.326674436025e+05 2.433174193449e+05 2.558289697509e+05 2.707115092253e+05 2.884709001879e+05 3.095472683185e+05 3.342429184596e+05 3.626497153815e+05 3.945872599805e+05 4.295631213439e+05 4.667641564908e+05 5.050839881485e+05 5.431868414051e+05 5.796031119903e+05 6.128480391778e+05 6.415521210959e+05 6.645904999990e+05 6.811982731972e+05 6.910593264109e+05 6.943577567871e+05 6.917833728968e+05 6.844863588272e+05 6.739810970973e+05 6.620051547156e+05 6.503458737365e+05 6.406527750930e+05 6.342578005192e+05 6.320261751982e+05 6.342578005192e+05 6.406527750930e+05 6.503458737365e+05 6.620051547156e+05 6.739810970973e+05 6.844863588272e+05 6.917833728968e+05 6.943577567871e+05 6.910593264109e+05 6.811982731972e+05 6.645904999990e+05 6.415521210959e+05 6.128480391778e+05 5.796031119903e+05 5.431868414051e+05 5.050839881485e+05 4.667641564908e+05 4.295631213439e+05 3.945872599805e+05 3.626497153815e+05 3.342429184596e+05 3.095472683185e+05 2.884709001879e+05 2.707115092253e+05 2.558289697509e+05 2.433174193449e+05 2.326674436025e+05 2.234123709344e+05 2.151565439398e+05 2.075868545456e+05 2.004711633187e+05 1.936482267492e+05 1.870135785140e+05 1.805048530025e+05 1.740887722271e+05 1.677508277790e+05 1.614878031813e+05 1.553027610958e+05 1.492019120505e+05 1.431927829690e+05 1.372832107343e+05 1.314808214830e+05 1.257927770353e+05 1.202256595317e+05 1.147854240076e+05 1.094773832705e+05 1.043062081691e+05 9.927593567567e+04 9.438998152339e+04 8.965115600134e+04
9.312171157375e+04 9.804398546320e+04 1.031190836239e+05 1.083440870594e+05 1.137154481004e+05 1.192289744709e+05 1.248798175750e+05 1.306624681091e+05 1.365707665078e+05 1.425979457412e+05 1.487367451328e+05 1.549796752047e+05 1.613195878647e+05 1.677508277790e+05 1.742714185498e+05 1.808869620893e+05 1.876171555909e+05 1.945059579362e+05 2.016363084960e+05 2.091497266139e+05 2.172699467060e+05 2.263279602232e+05 2.367836786400e+05 2.492374378204e+05 2.644235031810e+05 2.831783979472e+05 3.063797612978e+05 3.348564516839e+05 3.692769084207e+05 4.100289279198e+05 4.571083445307e+05 5.100353021999e+05 5.678143294962e+05 6.289487480731e+05 6.915123490599e+05 7.532734421286e+05 8.118598246004e+05 8.649488314183e+05 9.104645477583e+05 9.467640322556e+05 9.727953298149e+05 9.882116633406e+05 9.934284483951e+05 9.896130706997e+05 9.786022497660e+05 9.627485627132e+05 9.447059822661e+05 9.271730196918e+05 9.126196390185e+05 9.030287880085e+05 8.996838280777e+05 9.030287880085e+05 9.126196390185e+05 9.271730196918e+05 9.447059822661e+05 9.627485627132e+05 9.786022497660e+05 9.896130706997e+05 9.934284483951e+05 9.882116633406e+05 9.727953298149e+05 9.467640322556e+05 9.104645477583e+05 8.649488314183e+05 8.118598246004e+05 7.532734421286e+05 6.915123490599e+05 6.289487480731e+05 5.678143294962e+05 5.100353021999e+05 4.571083445307e+05 4.100289279198e+05 3.692769084207e+05 3.348564516839e+05 3.063797612978e+05 2.831783979472e+05 2.644235031810e+05 2.492374378204e+05 2.367836786400e+05 2.263279602232e+05 2.172699467060e+05 2.091497266139e+05 2.016363084960e+05 1.945059579362e+05 1.876171555909e+05 1.808869620893e+05 1.742714185498e+05 1.677508277790e+05 1.613195878647e+05 1.549796752047e+05 1.487367451328e+05 1.425979457412e+05 1.365707665078e+05 1.306624681091e+05 1.248798175750e+05 1.192289744709e+05 1.137154481004e+05 1.083440870594e+05 1.031190836239e+05 9.804398546320e+04 9.312171157375e+04
9.662601882645e+04 1.017335251617e+05 1.069996068460e+05 1.124212352408e+05 1.179947298806e+05 1.237157430490e+05 1.295792509090e+05 1.355795581177e+05 1.417103328099e+05 1.479647109815e+05 1.543355549805e+05 1.608160377401e+05 1.674008757799e+05 1.740887722271e+05 1.808869620893e+05 1.878191387411e+05 1.949383704965e+05 2.023466777964e+05 2.102224370199e+05 2.188553976872e+05 2.286866764437e+05 2.403477856968e+05 2.546892131222e+05 2.727864196612e+05 2.959107379602e+05 3.254556645411e+05 3.628157801635e+05 4.092251314632e+05 4.655722893282e+05 5.322177029745e+05 6.088428289534e+05 6.943583888973e+05 7.868912431519e+05 8.838576389406e+05 9.821178564494e+05 1.078196374129e+06 1.168544517920e+06 1.249819655722e+06 1.319155562838e+06 1.374401137005e+06 1.414307802057e+06 1.438649052677e+06 1.448258928386e+06 1.444980655024e+06 1.431523135516e+06 1.411231620064e+06 1.387788934909e+06 1.364873408334e+06 1.345807064422e+06 1.333231054053e+06 1.328843797225e+06 1.333231054053e+06 1.345807064422e+06 1.364873408334e+06 1.387788934909e+06 1.411231620064e+06 1.431523135516e+06 1.444980655024e+06 1.448258928386e+06 1.438649052677e+06 1.414307802057e+06 1.374401137005e+06 1.319155562838e+06 1.249819655722e+06 1.168544517920e+06 1.078196374129e+06 9.821178564494e+05 8.838576389406e+05 7.868912431519e+05 6.943583888973e+05 6.088428289534e+05 5.322177029745e+05 4.655722893282e+05 4.092251314632e+05 3.628157801635e+05 3.254556645411e+05 2.959107379602e+05 2.727864196612e+05 2.546892131222e+05 2.403477856968e+05 2.286866764437e+05 2.188553976872e+05 2.102224370199e+05 2.023466777964e+05 1.949383704965e+05 1.878191387411e+05 1.808869620893e+05 1.740887722271e+05 1.674008757799e+05 1.608160377401e+05 1.543355549805e+05 1.479647109815e+05 1.417103328099e+05 1.355795581177e+05 1.295792509090e+05 1.237157430490e+05 1.179947298806e+05 1.124212352408e+05 1.069996068460e+05 1.017335251617e+05 9.662601882645e+04
1.001579214887e+05 1.054521189574e+05 1.109106882460e+05 1.165304904902e+05 1.223077123280e+05 1.282378524162e+05 1.343157195307e+05 1.405354574020e+05 1.468906329431e+05 1.533744713138e+05 1.599804154025e+05 1.667033613701e+05 1.735422147864e+05 1.805048530025e+05 1.876171555909e+05 1.949383704965e+05 2.025854695322e+05 2.107689004314e+05 2.198407503743e+05 2.303533662168e+05 2.431218738724e+05 2.592784349481e+05 2.803009459438e+05 3.079963463900e+05 3.444209037769e+05 3.917280278428e+05 4.519478051035e+05 5.267188887316e+05 6.170083644780e+05 7.228641656521e+05 8.432442957218e+05 9.759569387226e+05 1.117727874603e+06 1.264391021239e+06 1.411179504694e+06 1.553082329645e+06 1.685227042967e+06 1.803250805398e+06 1.903628373407e+06 1.983932695181e+06 2.043010165053e+06 2.081057716266e+06 2.099593929277e+06 2.101322728124e+06 2.089896877643e+06 2.069598774935e+06 2.044965943436e+06 2.020395635895e+06 1.999765144817e+06 1.986101475217e+06 1.981327268981e+06 1.986101475217e+06 1.999765144817e+06 2.020395635895e+06 2.044965943436e+06 2.069598774935e+06 2.089896877643e+06 2.101322728124e+06 2.099593929277e+06 2.081057716266e+06 2.043010165053e+06 1.983932695181e+06 1.903628373407e+06 1.803250805398e+06 1.685227042967e+06 1.553082329645e+06 1.411179504694e+06 1.264391021239e+06 1.117727874603e+06 9.759569387226e+05 8.432442957218e+05 7.228641656521e+05 6.170083644780e+05 5.267188887316e+05 4.519478051035e+05 3.917280278428e+05 3.444209037769e+05 3.079963463900e+05 2.803009459438e+05 2.592784349481e+05 2.431218738724e+05 2.303533662168e+05 2.198407503743e+05 2.107689004314e+05 2.025854695322e+05 1.949383704965e+05 1.876171555909e+05 1.805048530025e+05 1.735422147864e+05 1.667033613701e+05 1.599804154025e+05 1.533744713138e+05 1.468906329431e+05 1.405354574020e+05 1.343157195307e+05 1.282378524162e+05 1.223077123280e+05 1.165304904902e+05 1.109106882460e+05 1.054521189574e+05 1.001579214887e+05
1.037109473308e+05 1.091929525522e+05 1.148451609633e+05 1.206643234194e+05 1.266464948936e+05 1.327870259138e+05 1.390805761040e+05 1.455211818677e+05 1.521024547095e+05 1.588180811839e+05 1.656629806447e+05 1.726358089453e+05 1.797440339450e+05 1.870135785140e+05 1.945059579362e+05 2.023466777964e+05 2.107689004314e+05 2.201752919967e+05 2.312177335070e+05 2.448887553403e+05 2.626105222198e+05 2.862986151525e+05 3.183716715449e+05 3.616777110502e+05 4.193165283129e+05 4.943554183365e+05 5.894599044487e+05 7.064860650641e+05 8.460989747721e+05 1.007486289400e+06 1.188224422296e+06 1.384329393146e+06 1.590491944897e+06 1.800465552751e+06 2.007554011140e+06 2.205136307899e+06 2.387169927245e+06 2.548625463000e+06 2.685820017139e+06 2.796629925554e+06 2.880573177033e+06 2.938759539173e+06 2.973714400357e+06 2.989092608733e+06 2.989310776890e+06 2.979137602559e+06 2.963287317734e+06 2.946057967434e+06 2.931043548839e+06 2.920930790120e+06 2.917373941772e+06 2.920930790120e+06 2.931043548839e+06 2.946057967434e+06 2.963287317734e+06 2.979137602559e+06 2.989310776890e+06 2.989092608733e+06 2.973714400357e+06 2.938759539173e+06 2.880573177033e+06 2.796629925554e+06 2.685820017139e+06 2.548625463000e+06 2.387169927245e+06 2.205136307899e+06 2.007554011140e+06 1.800465552751e+06 1.590491944897e+06 1.384329393146e+06 1.188224422296e+06 1.007486289400e+06 8.460989747721e+05 7.064860650641e+05 5.894599044487e+05 4.943554183365e+05 4.193165283129e+05 3.616777110502e+05 3.183716715449e+05 2.862986151525e+05 2.626105222198e+05 2.448887553403e+05 2.312177335070e+05 2.201752919967e+05 2.107689004314e+05 2.023466777964e+05 1.945059579362e+05 1.870135785140e+05 1.797440339450e+05 1.726358089453e+05 1.656629806447e+05 1.588180811839e+05 1.521024547095e+05 1.455211818677e+05 1.390805761040e+05 1.327870259138e+05 1.266464948936e+05 1.206643234194e+05 1.148451609633e+05 1.091929525522e+05 1.037109473308e+05
1.072783240341e+05 1.129488957433e+05 1.187955260541e+05 1.248148563509e+05 1.310028135562e+05 1.373546124313e+05 1.438648011492e+05 1.505274153878e+05 1.573363941688e+05 1.642865932161e+05 1.713760794820e+05 1.786109935312e+05 1.860152023139e+05 1.936482267492e+05 2.016363084960e+05 2.102224370199e+05 2.198407503743e+05 2.312177335070e+05 2.454959998828e+05 2.643659684262e+05 2.901779351708e+05 3.259954938642e+05 3.755462193998e+05 4.430322209002e+05 5.327843583513e+05 6.487776236405e+05 7.940639389260e+05 9.702110712108e+05 1.176851081811e+06 1.411431784211e+06 1.669230829956e+06 1.943642967872e+06 2.226700323560e+06 2.509746724405e+06 2.784168769786e+06 3.042089708380e+06 3.276951597084e+06 3.483937437517e+06 3.660209429329e+06 3.804957605407e+06 3.919265539745e+06 4.005810764085e+06 4.068431413773e+06 4.111608527786e+06 4.139931313008e+06 4.157622525816e+06 4.168194716982e+06 4.174281774436e+06 4.177648122193e+06 4.179331856104e+06 4.179843487132e+06 4.179331856104e+06 4.177648122193e+06 4.174281774436e+06 4.168194716982e+06 4.157622525816e+06 4.139931313008e+06 4.111608527786e+06 4.068431413773e+06 4.005810764085e+06 3.919265539745e+06 3.804957605407e+06 3.660209429329e+06 3.483937437517e+06 3.276951597084e+06 3.042089708380e+06 2.784168769786e+06 2.509746724405e+06 2.226700323560e+06 1.943642967872e+06 1.669230829956e+06 1.411431784211e+06 1.176851081811e+06 9.702110712108e+05 7.940639389260e+05 6.487776236405e+05 5.327843583513e+05 4.430322209002e+05 3.755462193998e+05 3.259954938642e+05 2.901779351708e+05 2.643659684262e+05 2.454959998828e+05 2.312177335070e+05 2.198407503743e+05 2.102224370199e+05 2.016363084960e+05 1.936482267492e+05 1.860152023139e+05 1.786109935312e+05 1.713760794820e+05 1.642865932161e+05 1.573363941688e+05 1.505274153878e+05 1.438648011492e+05 1.373546124313e+05 1.310028135562e+05 1.248148563509e+05 1.187955260541e+05 1.129488957433e+05 1.072783240341e+05
1.108529972262e+05 1.167125214522e+05 1.227539726535e+05 1.289738850078e+05 1.353680652433e+05 1.419316171068e+05 1.486590500166e+05 1.555445996433e+05 1.625830549920e+05 1.697717240651e+05 1.771147944811e+05 1.846323885304e+05 1.923781539193e+05 2.004711633187e+05 2.091497266139e+05 2.188553976872e+05 2.303533662168e+05 2.448887553403e+05 2.643659684262e+05 2.915209269241e+05 3.300375866099e+05 3.845473558657e+05 4.604512752805e+05 5.635265008998e+05 6.993214005382e+05 8.723996577676e+05 1.085547725203e+06 1.339093282391e+06 1.630480644115e+06 1.954208552614e+06 2.302165888945e+06 2.664321247672e+06 3.029655673971e+06 3.387191279858e+06 3.726967687956e+06 4.040846838328e+06 4.323070104589e+06 4.570534237315e+06 4.782784160805e+06 4.961739718616e+06 5.111186504371e+06 5.236077193586e+06 5.341714968193e+06 5.432921922379e+06 5.513321019682e+06 5.584864102018e+06 5.647708018677e+06 5.700474675604e+06 5.740841806132e+06 5.766324350210e+06 5.775049663274e+06 5.766324350210e+06 5.740841806132e+06 5.700474675604e+06 5.647708018677e+06 5.584864102018e+06 5.513321019682e+06 5.432921922379e+06 5.341714968193e+06 5.236077193586e+06 5.111186504371e+06 4.961739718616e+06 4.782784160805e+06 4.570534237315e+06 4.323070104589e+06 4.040846838328e+06 3.726967687956e+06 3.387191279858e+06 3.029655673971e+06 2.664321247672e+06 2.302165888945e+06 1.954208552614e+06 1.630480644115e+06 1.339093282391e+06 1.085547725203e+06 8.723996577676e+05 6.993214005382e+05 5.635265008998e+05 4.604512752805e+05 3.845473558657e+05 3.300375866099e+05 2.915209269241e+05 2.643659684262e+05 2.448887553403e+05 2.303533662168e+05 2.188553976872e+05 2.091497266139e+05 2.004711633187e+05 1.923781539193e+05 1.846323885304e+05 1.771147944811e+05 1.697717240651e+05 1.625830549920e+05 1.555445996433e+05 1.486590500166e+05 1.419316171068e+05 1.353680652433e+05 1.289738850078e+05 1.227539726535e+05 1.167125214522e+05 1.108529972262e+05
1.144276506466e+05 1.204761270231e+05 1.267124006167e+05 1.331329031199e+05 1.397333362701e+05 1.465087390397e+05 1.534537148804e+05 1.605630593935e+05 1.678333321423e+05 1.752665139155e+05 1.828779613188e+05 1.907125880709e+05 1.988756009539e+05 2.075868545456e+05 2.172699467060e+05 2.286866764437e+05 2.431218738724e+05 2.626105222198e+05 2.901779351708e+05 3.300375866099e+05 3.876678189480e+05 4.696796656762e+05 5.834050071907e+05 7.361829923526e+05 9.343975818603e+05 1.182401721505e+06 1.481526957592e+06 1.829395413109e+06 2.219710673596e+06 2.642611885394e+06 3.085556823064e+06 3.534590073910e+06 3.975783069522e+06 4.396619044285e+06 4.787133437680e+06 5.140687935992e+06 5.454327586174e+06 5.728724320828e+06 5.967739627952e+06 6.177651583662e+06 6.366103477585e+06 6.540857837537e+06 6.708484596758e+06 6.873163362786e+06 7.035812689595e+06 7.193747497569e+06 7.340994287347e+06 7.469268534984e+06 7.569467785268e+06 7.633399502783e+06 7.655386301565e+06 7.633399502783e+06 7.569467785268e+06 7.469268534984e+06 7.340994287347e+06 7.193747497569e+06 7.035812689595e+06 6.873163362786e+06 6.708484596758e+06 6.540857837537e+06 6.366103477585e+06 6.177651583662e+06 5.967739627952e+06 5.728724320828e+06 5.454327586174e+06 5.140687935992e+06 4.787133437680e+06 4.396619044285e+06 3.975783069522e+06 3.534590073910e+06 3.085556823064e+06 2.642611885394e+06 2.219710673596e+06 1.829395413109e+06 1.481526957592e+06 1.182401721505e+06 9.343975818603e+05 7.361829923526e+05 5.834050071907e+05 4.696796656762e+05 3.876678189480e+05 3.300375866099e+05 2.901779351708e+05 2.626105222198e+05 2.431218738724e+05 2.286866764437e+05 2.172699467060e+05 2.075868545456e+05 1.988756009539e+05 1.907125880709e+05 1.828779613188e+05 1.752665139155e+05 1.678333321423e+05 1.605630593935e+05 1.534537148804e+05 1.465087390397e+05 1.397333362701e+05 1.331329031199e+05 1.267124006167e+05 1.204761270231e+05 1.144276506466e+05
1.179947283926e+05 1.242317577490e+05 1.306624456309e+05 1.372831300321e+05 1.440894351640e+05 1.510764170927e+05 1.582390044260e+05 1.655731689081e+05 1.730787900652e+05 1.807661919533e+05 1.886700848441e+05 1.968773345551e+05 2.055784926630e+05 2.151565439398e+05 2.263279602232e+05 2.403477856968e+05 2.592784349481e+05 2.862986151525e+05 3.259954938642e+05 3.845473558657e+05 4.696796656762e+05 5.902822409101e+05 7.556228050652e+05 9.741832584369e+05 1.252261374130e+06 1.592586960300e+06 1.993256699373e+06 2.447266173015e+06 2.942807852208e+06 3.464338220067e+06 3.994245893046e+06 4.514828208768e+06 5.010240378539e+06 5.468122256638e+06 5.880706923276e+06 6.245330632717e+06 6.564356291447e+06 6.844572276968e+06 7.096139766782e+06 7.331159073441e+06 7.561938408436e+06 7.799095212759e+06 8.049695592872e+06 8.315712219949e+06 8.593113347172e+06 8.871850067985e+06 9.136875110622e+06 9.370126900093e+06 9.553196949955e+06 9.670226415726e+06 9.710498019300e+06 9.670226415726e+06 9.553196949955e+06 9.370126900093e+06 9.136875110622e+06 8.871850067985e+06 8.593113347172e+06 8.315712219949e+06 8.049695592872e+06 7.799095212759e+06 7.561938408436e+06 7.331159073441e+06 7.096139766782e+06 6.844572276968e+06 6.564356291447e+06 6.245330632717e+06 5.880706923276e+06 5.468122256638e+06 5.010240378539e+06 4.514828208768e+06 3.994245893046e+06 3.464338220067e+06 2.942807852208e+06 2.447266173015e+06 1.993256699373e+06 1.592586960300e+06 1.252261374130e+06 9.741832584369e+05 7.556228050652e+05 5.902822409101e+05 4.696796656762e+05 3.845473558657e+05 3.259954938642e+05 2.862986151525e+05 2.592784349481e+05 2.403477856968e+05 2.263279602232e+05 2.151565439398e+05 2.055784926630e+05 1.968773345551e+05 1.886700848441e+05 1.807661919533e+05 1.730787900652e+05 1.655731689081e+05 1.582390044260e+05 1.510764170927e+05 1.440894351640e+05 1.372831300321e+05 1.306624456309e+05 1.242317577490e+05 1.179947283926e+05
1.215464591772e+05 1.279712325616e+05 1.345955067560e+05 1.414155413442e+05 1.484269300611e+05 1.556248842381e+05 1.630050418432e+05 1.705655589360e+05 1.783121272681e+05 1.862692112122e+05 1.945035469560e+05 2.031699493723e+05 2.125942759029e+05 2.234123709344e+05 2.367836786400e+05 2.546892131222e+05 2.803009459438e+05 3.183716715449e+05 3.755462193998e+05 4.604512752805e+05 5.834050071907e+05 7.556228050652e+05 9.878936353612e+05 1.288850843016e+06 1.663121869406e+06 2.109755253749e+06 2.621336592327e+06 3.184094037392e+06 3.779080486631e+06 4.384267519952e+06 4.977176418021e+06 5.537569409347e+06 6.049752793338e+06 6.504177093812e+06 6.898197987164e+06 7.236019126212e+06 7.527929351538e+06 7.788964965833e+06 8.037101821466e+06 8.291060078155e+06 8.567828436811e+06 8.880097246473e+06 9.233905319987e+06 9.626898190915e+06 1.004760565701e+07 1.047603808465e+07 1.088568246062e+07 1.124670251290e+07 1.152988769316e+07 1.171072299181e+07 1.177290598110e+07 1.171072299181e+07 1.152988769316e+07 1.124670251290e+07 1.088568246062e+07 1.047603808465e+07 1.004760565701e+07 9.626898190915e+06 9.233905319987e+06 8.880097246473e+06 8.567828436811e+06 8.291060078155e+06 8.037101821466e+06 7.788964965833e+06 7.527929351538e+06 7.236019126212e+06 6.898197987164e+06 6.504177093812e+06 6.049752793338e+06 5.537569409347e+06 4.977176418021e+06 4.384267519952e+06 3.779080486631e+06 3.184094037392e+06 2.621336592327e+06 2.109755253749e+06 1.663121869406e+06 1.288850843016e+06 9.878936353612e+05 7.556228050652e+05 5.834050071907e+05 4.604512752805e+05 3.755462193998e+05 3.183716715449e+05 2.803009459438e+05 2.546892131222e+05 2.367836786400e+05 2.234123709344e+05 2.125942759029e+05 2.031699493723e+05 1.945035469560e+05 1.862692112122e+05 1.783121272681e+05 1.705655589360e+05 1.630050418432e+05 1.556248842381e+05 1.484269300611e+05 1.414155413442e+05 1.345955067560e+05 1.279712325616e+05 1.215464591772e+05
1.250748825122e+05 1.316861717980e+05 1.385027763056e+05 1.455209024695e+05 1.527361904171e+05 1.601442295244e+05 1.677419776254e+05 1.755313519800e+05 1.835276885513e+05 1.917783407619e+05 2.004008085332e+05 2.096554361199e+05 2.200737981821e+05 2.326674436025e+05 2.492374378204e+05 2.727864196612e+05 3.079963463900e+05 3.616777110502e+05 4.430322209002e+05 5.635265008998e+05 7.361829923526e+05 9.741832584369e+05 1.288850843016e+06 1.687299702901e+06 2.170228435972e+06 2.730426485067e+06 3.352478033982e+06 4.013902667839e+06 4.687626970527e+06 5.345350636697e+06 5.961165249376e+06 6.514765734007e+06 6.993752557004e+06 7.394781861813e+06 7.723578189782e+06 7.993994899069e+06 8.226356249220e+06 8.445267185097e+06 8.676999201022e+06 8.946528009771e+06 9.274356080290e+06 9.673391530152e+06 1.014631218255e+07 1.068393160245e+07 1.126503105743e+07 1.185791027891e+07 1.242358990330e+07 1.292026499360e+07 1.330836098472e+07 1.355544139307e+07 1.364026437530e+07 1.355544139307e+07 1.330836098472e+07 1.292026499360e+07 1.242358990330e+07 1.185791027891e+07 1.126503105743e+07 1.068393160245e+07 1.014631218255e+07 9.673391530152e+06 9.274356080290e+06 8.946528009771e+06 8.676999201022e+06 8.445267185097e+06 8.226356249220e+06 7.993994899069e+06 7.723578189782e+06 7.394781861813e+06 6.993752557004e+06 6.514765734007e+06 5.961165249376e+06 5.345350636697e+06 4.687626970527e+06 4.013902667839e+06 3.352478033982e+06 2.730426485067e+06 2.170228435972e+06 1.687299702901e+06 1.288850843016e+06 9.741832584369e+05 7.361829923526e+05 5.635265008998e+05 4.430322209002e+05 3.616777110502e+05 3.079963463900e+05 2.727864196612e+05 2.492374378204e+05 2.326674436025e+05 2.200737981821e+05 2.096554361199e+05 2.004008085332e+05 1.917783407619e+05 1.835276885513e+05 1.755313519800e+05 1.677419776254e+05 1.601442295244e+05 1.527361904171e+05 1.455209024695e+05 1.385027763056e+05 1.316861717980e+05 1.250748825122e+05
1.285718767074e+05 1.353680269179e+05 1.423752718923e+05 1.495898047553e+05 1.570074320306e+05 1.646244645083e+05 1.724401073638e+05 1.804623969589e+05 1.887219449779e+05 1.973016089970e+05 2.063961090552e+05 2.164231443206e+05 2.282145403595e+05 2.433174193449e+05 2.644235031810e+05 2.959107379602e+05 3.444209037769e+05 4.193165283129e+05 5.327843583513e+05 6.993214005382e+05 9.343975818603e+05 1.252261374130e+06 1.663121869406e+06 2.170228435972e+06 2.767565099985e+06 3.438876145555e+06 4.158498298344e+06 4.894044576915e+06 5.610502235025e+06 6.274940426670e+06 6.860898858870e+06 7.351676538351e+06 7.742083460451e+06 8.038614427652e+06 8.258308495061e+06 8.426683983491e+06 8.575089684556e+06 8.737667309632e+06 8.947992982062e+06 9.235450928041e+06 9.621518664823e+06 1.011635543414e+07 1.071626964884e+07 1.140267624948e+07 1.214297739635e+07 1.289344114139e+07 1.360373003263e+07 1.422239419927e+07 1.470250066118e+07 1.500664202329e+07 1.511078243149e+07 1.500664202329e+07 1.470250066118e+07 1.422239419927e+07 1.360373003263e+07 1.289344114139e+07 1.214297739635e+07 1.140267624948e+07 1.071626964884e+07 1.011635543414e+07 9.621518664823e+06 9.235450928041e+06 8.947992982062e+06 8.737667309632e+06 8.575089684556e+06 8.426683983491e+06 8.258308495061e+06 8.038614427652e+06 7.742083460451e+06 7.351676538351e+06 6.860898858870e+06 6.274940426670e+06 5.610502235025e+06 4.894044576915e+06 4.158498298344e+06 3.438876145555e+06 2.767565099985e+06 2.170228435972e+06 1.663121869406e+06 1.252261374130e+06 9.343975818603e+05 6.993214005382e+05 5.327843583513e+05 4.193165283129e+05 3.444209037769e+05 2.959107379602e+05 2.644235031810e+05 2.433174193449e+05 2.282145403595e+05 2.164231443206e+05 2.063961090552e+05 1.973016089970e+05 1.887219449779e+05 1.804623969589e+05 1.724401073638e+05 1.646244645083e+05 1.570074320306e+05 1.495898047553e+05 1.423752718923e+05 1.353680269179e+05 1.285718767074e+05
1.320291885538e+05 1.390081120017e+05 1.462038703419e+05 1.536127034519e+05 1.612307633242e+05 1.690555880308e+05 1.770899768435e+05 1.853514548125e+05 1.938938170604e+05 2.028527987924e+05 2.125359941311e+05 2.235866035510e+05 2.372575221921e+05 2.558289697509e+05 2.831783979472e+05 3.254556645411e+05 3.917280278428e+05 4.943554183365e+05 6.487776236405e+05 8.723996577676e+05 1.182401721505e+06 1.592586960300e+06 2.109755253749e+06 2.730426485067e+06 3.438876145555e+06 4.207278322514e+06 4.998277457142e+06 5.769666698959e+06 6.480261888341e+06 7.095742891904e+06 7.593298351565e+06 7.964310948067e+06 8.214883740443e+06 8.364513970512e+06 8.443500157018e+06 8.489669058471e+06 8.544804322143e+06 8.650902722959e+06 8.846237609282e+06 9.161265195087e+06 9.614647462115e+06 1.020995776472e+07 1.093380392955e+07 1.175600973036e+07 1.263211709452e+07 1.350792736196e+07 1.432530148513e+07 1.502818793854e+07 1.556793464132e+07 1.590730303084e+07 1.602305359583e+07 1.590730303084e+07 1.556793464132e+07 1.502818793854e+07 1.432530148513e+07 1.350792736196e+07 1.263211709452e+07 1.175600973036e+07 1.093380392955e+07 1.020995776472e+07 9.614647462115e+06 9.161265195087e+06 8.846237609282e+06 8.650902722959e+06 8.544804322143e+06 8.489669058471e+06 8.443500157018e+06 8.364513970512e+06 8.214883740443e+06 7.964310948067e+06 7.593298351565e+06 7.095742891904e+06 6.480261888341e+06 5.769666698959e+06 4.998277457142e+06 4.207278322514e+06 3.438876145555e+06 2.730426485067e+06 2.109755253749e+06 1.592586960300e+06 1.182401721505e+06 8.723996577676e+05 6.487776236405e+05 4.943554183365e+05 3.917280278428e+05 3.254556645411e+05 2.831783979472e+05 2.558289697509e+05 2.372575221921e+05 2.235866035510e+05 2.125359941311e+05 2.028527987924e+05 1.938938170604e+05 1.853514548125e+05 1.770899768435e+05 1.690555880308e+05 1.612307633242e+05 1.536127034519e+05 1.462038703419e+05 1.390081120017e+05 1.320291885538e+05
1.354384645312e+05 1.425976368035e+05 1.499793430377e+05 1.575799564055e+05 1.653962296593e+05 1.734276400785e+05 1.816824489834e+05 1.901922691116e+05 1.990446814550e+05 2.084511348648e+05 2.188779228253e+05 2.312791047759e+05 2.474754460567e+05 2.707115092253e+05 3.063797612978e+05 3.628157801635e+05 4.519478051035e+05 5.894599044487e+05 7.940639389260e+05 1.085547725203e+06 1.481526957592e+06 1.993256699373e+06 2.621336592327e+06 3.352478033982e+06 4.158498298344e+06 4.998277457142e+06 5.822647455431e+06 6.581333619390e+06 7.230456302320e+06 7.738961282435e+06 8.092724292140e+06 8.295798058693e+06 8.369042522440e+06 8.346914561786e+06 8.273338677795e+06 8.197363387974e+06 8.168908702279e+06 8.234566341448e+06 8.433314861145e+06 8.792210599427e+06 9.322504031353e+06 1.001698353403e+07 1.084942652265e+07 1.177671546039e+07 1.274352060414e+07 1.368871048120e+07 1.455214357008e+07 1.528045374071e+07 1.583089607007e+07 1.617307347710e+07 1.628909073807e+07 1.617307347710e+07 1.583089607007e+07 1.528045374071e+07 1.455214357008e+07 1.368871048120e+07 1.274352060414e+07 1.177671546039e+07 1.084942652265e+07 1.001698353403e+07 9.322504031353e+06 8.792210599427e+06 8.433314861145e+06 8.234566341448e+06 8.168908702279e+06 8.197363387974e+06 8.273338677795e+06 8.346914561786e+06 8.369042522440e+06 8.295798058693e+06 8.092724292140e+06 7.738961282435e+06 7.230456302320e+06 6.581333619390e+06 5.822647455431e+06 4.998277457142e+06 4.158498298344e+06 3.352478033982e+06 2.621336592327e+06 1.993256699373e+06 1.481526957592e+06 1.085547725203e+06 7.940639389260e+05 5.894599044487e+05 4.519478051035e+05 3.628157801635e+05 3.063797612978e+05 2.707115092253e+05 2.474754460567e+05 2.312791047759e+05 2.188779228253e+05 2.084511348648e+05 1.990446814550e+05 1.901922691116e+05 1.816824489834e+05 1.734276400785e+05 1.653962296593e+05 1.575799564055e+05 1.499793430377e+05 1.425976368035e+05 1.354384645312e+05
1.387912833531e+05 1.461277410768e+05 1.536923921111e+05 1.614818619629e+05 1.694938514636e+05 1.777307331133e+05 1.862087022291e+05 1.949794472708e+05 2.041778923862e+05 2.141198121141e+05 2.254862944260e+05 2.396439387615e+05 2.591506013838e+05 2.884709001879e+05 3.348564516839e+05 4.092251314632e+05 5.267188887316e+05 7.064860650641e+05 9.702110712108e+05 1.339093282391e+06 1.829395413109e+06 2.447266173015e+06 3.184094037392e+06 4.013902667839e+06 4.894044576915e+06 5.769666698959e+06 6.581333619390e+06 7.274201050745e+06 7.806632367202e+06 8.156348844917e+06 8.323007770139e+06 8.327170434526e+06 8.206529710357e+06 8.010700031749e+06 7.795751528848e+06 7.619157647495e+06 7.535232050293e+06 7.590767799175e+06 7.820637279611e+06 8.243530343738e+06 8.858563815279e+06 9.643850669142e+06 1.055799620307e+07 1.154482914872e+07 1.254068988938e+07 1.348269460517e+07 1.431598993207e+07 1.499832590532e+07 1.550121234999e+07 1.580811965455e+07 1.591116576372e+07 1.580811965455e+07 1.550121234999e+07 1.499832590532e+07 1.431598993207e+07 1.348269460517e+07 1.254068988938e+07 1.154482914872e+07 1.055799620307e+07 9.643850669142e+06 8.858563815279e+06 8.243530343738e+06 7.820637279611e+06 7.590767799175e+06 7.535232050293e+06 7.619157647495e+06 7.795751528848e+06 8.010700031749e+06 8.206529710357e+06 8.327170434526e+06 8.323007770139e+06 8.156348844917e+06 7.806632367202e+06 7.274201050745e+06 6.581333619390e+06 5.769666698959e+06 4.894044576915e+06 4.013902667839e+06 3.184094037392e+06 2.447266173015e+06 1.829395413109e+06 1.339093282391e+06 9.702110712108e+05 7.064860650641e+05 5.267188887316e+05 4.092251314632e+05 3.348564516839e+05 2.884709001879e+05 2.591506013838e+05 2.396439387615e+05 2.254862944260e+05 2.141198121141e+05 2.041778923862e+05 1.949794472708e+05 1.862087022291e+05 1.777307331133e+05 1.694938514636e+05 1.614818619629e+05 1.536923921111e+05 1.461277410768e+05 1.387912833531e+05
1.420791896393e+05 1.495895298491e+05 1.573336868051e+05 1.653086943837e+05 1.735136516063e+05 1.819550489482e+05 1.906601311248e+05 1.997080861055e+05 2.092976820929e+05 2.198831207975e+05 2.324255339786e+05 2.488189484008e+05 2.725427318063e+05 3.095472683185e+05 3.692769084207e+05 4.655722893282e+05 6.170083644780e+05 8.460989747721e+05 1.176851081811e+06 1.630480644115e+06 2.219710673596e+06 2.942807852208e+06 3.779080486631e+06 4.687626970527e+06 5.610502235025e+06 6.480261888341e+06 7.230456302320e+06 7.806632367202e+06 8.175194705685e+06 8.328176308471e+06 8.283272907244e+06 8.079862306171e+06 7.772632124367e+06 7.424599572103e+06 7.100792018353e+06 6.863011037447e+06 6.765370912052e+06 6.850035351109e+06 7.142882636878e+06 7.649530608888e+06 8.352852329955e+06 9.213370885188e+06 1.017347109364e+07 1.116527476761e+07 1.212070479371e+07 1.298129235096e+07 1.370513490680e+07 1.426922114907e+07 1.466682382383e+07 1.490126605406e+07 1.497850520729e+07 1.490126605406e+07 1.466682382383e+07 1.426922114907e+07 1.370513490680e+07 1.298129235096e+07 1.212070479371e+07 1.116527476761e+07 1.017347109364e+07 9.213370885188e+06 8.352852329955e+06 7.649530608888e+06 7.142882636878e+06 6.850035351109e+06 6.765370912052e+06 6.863011037447e+06 7.100792018353e+06 7.424599572103e+06 7.772632124367e+06 8.079862306171e+06 8.283272907244e+06 8.328176308471e+06 8.175194705685e+06 7.806632367202e+06 7.230456302320e+06 6.480261888341e+06 5.610502235025e+06 4.687626970527e+06 3.779080486631e+06 2.942807852208e+06 2.219710673596e+06 1.630480644115e+06 1.176851081811e+06 8.460989747721e+05 6.170083644780e+05 4.655722893282e+05 3.692769084207e+05 3.095472683185e+05 2.725427318063e+05 2.488189484008e+05 2.324255339786e+05 2.198831207975e+05 2.092976820929e+05 1.997080861055e+05 1.906601311248e+05 1.819550489482e+05 1.735136516063e+05 1.653086943837e+05 1.573336868051e+05 1.495895298491e+05 1.420791896393e+05
1.452937284931e+05 1.529741093099e+05 1.608938993569e+05 1.690507352214e+05 1.774456682294e+05 1.860907921972e+05 1.950281297244e+05 2.043731057397e+05 2.144073888594e+05 2.257621398606e+05 2.397503824280e+05 2.589161450565e+05 2.878492242550e+05 3.342429184596e+05 4.100289279198e+05 5.322177029745e+05 7.228641656521e+05 1.007486289400e+06 1.411431784211e+06 1.954208552614e+06 2.642611885394e+06 3.464338220067e+06 4.384267519952e+06 5.345350636697e+06 6.274940426670e+06 7.095742891904e+06 7.738961282435e+06 8.156348844917e+06 8.328176308471e+06 8.265454396041e+06 8.006563149876e+06 7.609981393884e+06 7.145510497754e+06 6.686093768157e+06 6.301332469426e+06 6.052643512368e+06 5.989249011986e+06 6.144163125308e+06 6.530019468386e+06 7.135589777040e+06 7.924613555105e+06 8.838580219252e+06 9.804191014616e+06 1.074464868875e+07 1.159232668489e+07 1.229948889578e+07 1.284402230899e+07 1.322856018715e+07 1.347339068339e+07 1.360542799247e+07 1.364664471550e+07 1.360542799247e+07 1.347339068339e+07 1.322856018715e+07 1.284402230899e+07 1.229948889578e+07 1.159232668489e+07 1.074464868875e+07 9.804191014616e+06 8.838580219252e+06 7.924613555105e+06 7.135589777040e+06 6.530019468386e+06 6.144163125308e+06 5.989249011986e+06 6.052643512368e+06 6.301332469426e+06 6.686093768157e+06 7.145510497754e+06 7.609981393884e+06 8.006563149876e+06 8.265454396041e+06 8.328176308471e+06 8.156348844917e+06 7.738961282435e+06 7.095742891904e+06 6.274940426670e+06 5.345350636697e+06 4.384267519952e+06 3.464338220067e+06 2.642611885394e+06 1.954208552614e+06 1.411431784211e+06 1.007486289400e+06 7.228641656521e+05 5.322177029745e+05 4.100289279198e+05 3.342429184596e+05 2.878492242550e+05 2.589161450565e+05 2.397503824280e+05 2.257621398606e+05 2.144073888594e+05 2.043731057397e+05 1.950281297244e+05 1.860907921972e+05 1.774456682294e+05 1.690507352214e+05 1.608938993569e+05 1.529741093099e+05 1.452937284931e+05
1.484264807562e+05 1.562726230133e+05 1.643637399166e+05 1.726982997913e+05 1.812799514550e+05 1.901280981933e+05 1.993037582870e+05 2.089683088211e+05 2.195070928253e+05 2.317692727668e+05 2.474941801596e+05 2.699983868724e+05 3.051621656209e+05 3.626497153815e+05 4.571083445307e+05 6.088428289534e+05 8.432442957218e+05 1.188224422296e+06 1.669230829956e+06 2.302165888945e+06 3.085556823064e+06 3.994245893046e+06 4.977176418021e+06 5.961165249376e+06 6.860898858870e+06 7.593298351565e+06 8.092724292140e+06 8.323007770139e+06 8.283272907244e+06 8.006563149876e+06 7.552525468722e+06 6.996927872843e+06 6.421062213680e+06 5.903184013458e+06 5.512626420897e+06 5.305853137429e+06 5.323099373348e+06 5.584621793980e+06 6.086706593125e+06 6.798868414036e+06 7.664386930161e+06 8.605953831503e+06 9.536712445619e+06 1.037490726389e+07 1.105862184106e+07 1.155650055152e+07 1.187125959939e+07 1.203487160397e+07 1.209675313371e+07 1.210822352581e+07 1.210737720222e+07 1.210822352581e+07 1.209675313371e+07 1.203487160397e+07 1.187125959939e+07 1.155650055152e+07 1.105862184106e+07 1.037490726389e+07 9.536712445619e+06 8.605953831503e+06 7.664386930161e+06 6.798868414036e+06 6.086706593125e+06 5.584621793980e+06 5.323099373348e+06 5.305853137429e+06 5.512626420897e+06 5.903184013458e+06 6.421062213680e+06 6.996927872843e+06 7.552525468722e+06 8.006563149876e+06 8.283272907244e+06 8.323007770139e+06 8.092724292140e+06 7.593298351565e+06 6.860898858870e+06 5.961165249376e+06 4.977176418021e+06 3.994245893046e+06 3.085556823064e+06 2.302165888945e+06 1.669230829956e+06 1.188224422296e+06 8.432442957218e+05 6.088428289534e+05 4.571083445307e+05 3.626497153815e+05 3.051621656209e+05 2.699983868724e+05 2.474941801596e+05 2.317692727668e+05 2.195070928253e+05 2.089683088211e+05 1.993037582870e+05 1.901280981933e+05 1.812799514550e+05 1.726982997913e+05 1.643637399166e+05 1.562726230133e+05 1.484264807562e+05
1.514690987372e+05 1.594762881893e+05 1.677339903769e+05 1.762417590257e+05 1.850065460288e+05 1.940569036974e+05 2.034773215414e+05 2.134852511770e+05 2.245908988970e+05 2.379022370314e+05 2.556565824087e+05 2.820562384556e+05 3.244284847780e+05 3.945872599805e+05 5.100353021999e+05 6.943583888973e+05 9.759569387226e+05 1.384329393146e+06 1.943642967872e+06 2.664321247672e+06 3.534590073910e+06 4.514828208768e+06 5.537569409347e+06 6.514765734007e+06 7.351676538351e+06 7.964310948067e+06 8.295798058693e+06 8.327170434526e+06 8.079862306171e+06 7.609981393884e+06 6.996927872843e+06 6.330195401788e+06 5.697828844150e+06 5.178408916862e+06 4.836452449507e+06 4.719682839249e+06 4.856332741802e+06 5.251542278964e+06 5.883521420527e+06 6.701617379469e+06 7.628925521064e+06 8.571154970115e+06 9.431324598003e+06 1.012738476506e+07 1.060817136956e+07 1.086304294407e+07 1.092223070909e+07 1.084766040173e+07 1.071669252086e+07 1.060294449490e+07 1.055873542686e+07 1.060294449490e+07 1.071669252086e+07 1.084766040173e+07 1.092223070909e+07 1.086304294407e+07 1.060817136956e+07 1.012738476506e+07 9.431324598003e+06 8.571154970115e+06 7.628925521064e+06 6.701617379469e+06 5.883521420527e+06 5.251542278964e+06 4.856332741802e+06 4.719682839249e+06 4.836452449507e+06 5.178408916862e+06 5.697828844150e+06 6.330195401788e+06 6.996927872843e+06 7.609981393884e+06 8.079862306171e+06 8.327170434526e+06 8.295798058693e+06 7.964310948067e+06 7.351676538351e+06 6.514765734007e+06 5.537569409347e+06 4.514828208768e+06 3.534590073910e+06 2.664321247672e+06 1.943642967872e+06 1.384329393146e+06 9.759569387226e+05 6.943583888973e+05 5.100353021999e+05 3.945872599805e+05 3.244284847780e+05 2.820562384556e+05 2.556565824087e+05 2.379022370314e+05 2.245908988970e+05 2.134852511770e+05 2.034773215414e+05 1.940569036974e+05 1.850065460288e+05 1.762417590257e+05 1.677339903769e+05 1.594762881893e+05 1.514690987372e+05
1.544133422374e+05 1.625764320998e+05 1.709955374768e+05 1.796715585642e+05 1.886154664820e+05 1.978668009969e+05 2.075379177121e+05 2.179120817900e+05 2.296442586425e+05 2.441384117237e+05 2.641926407870e+05 2.949888291122e+05 3.454200767174e+05 4.295631213439e+05 5.678143294962e+05 7.868912431519e+05 1.117727874603e+06 1.590491944897e+06 2.226700323560e+06 3.029655673971e+06 3.975783069522e+06 5.010240378539e+06 6.049752793338e+06 6.993752557004e+06 7.742083460451e+06 8.214883740443e+06 8.369042522440e+06 8.206529710357e+06 7.772632124367e+06 7.145510497754e+06 6.421062213680e+06 5.697828844150e+06 5.065524276205e+06 4.598430837204e+06 4.352581350638e+06 4.364340241309e+06 4.648202263322e+06 5.193144330879e+06 5.958915262188e+06 6.875174427735e+06 7.846497376308e+06 8.764657173221e+06 9.526799764531e+06 1.005536835496e+07 1.031421942141e+07 1.031606012604e+07 1.011887914307e+07 9.812335669318e+06 9.497763821610e+06 9.266653719767e+06 9.182128141035e+06 9.266653719767e+06 9.497763821610e+06 9.812335669318e+06 1.011887914307e+07 1.031606012604e+07 1.031421942141e+07 1.005536835496e+07 9.526799764531e+06 8.764657173221e+06 7.846497376308e+06 6.875174427735e+06 5.958915262188e+06 5.193144330879e+06 4.648202263322e+06 4.364340241309e+06 4.352581350638e+06 4.598430837204e+06 5.065524276205e+06 5.697828844150e+06 6.421062213680e+06 7.145510497754e+06 7.772632124367e+06 8.206529710357e+06 8.369042522440e+06 8.214883740443e+06 7.742083460451e+06 6.993752557004e+06 6.049752793338e+06 5.010240378539e+06 3.975783069522e+06 3.029655673971e+06 2.226700323560e+06 1.590491944897e+06 1.117727874603e+06 7.868912431519e+05 5.678143294962e+05 4.295631213439e+05 3.454200767174e+05 2.949888291122e+05 2.641926407870e+05 2.441384117237e+05 2.296442586425e+05 2.179120817900e+05 2.075379177121e+05 1.978668009969e+05 1.886154664820e+05 1.796715585642e+05 1.709955374768e+05 1.625764320998e+05 1.544133422374e+05
1.572511147429e+05 1.655645285356e+05 1.741394060755e+05 1.829782385254e+05 1.920966758136e+05 2.015469072697e+05 2.114730438655e+05 2.222325658878e+05 2.346418280730e+05 2.504306137910e+05 2.730053789888e+05 3.085925747838e+05 3.677202280532e+05 4.667641564908e+05 6.289487480731e+05 8.838576389406e+05 1.264391021239e+06 1.800465552751e+06 2.509746724405e+06 3.387191279858e+06 4.396619044285e+06 5.468122256638e+06 6.504177093812e+06 7.394781861813e+06 8.038614427652e+06 8.364513970512e+06 8.346914561786e+06 8.010700031749e+06 7.424599572103e+06 6.686093768157e+06 5.903184013458e+06 5.178408916862e+06 4.598430837204e+06 4.229521843429e+06 4.116770300616e+06 4.283848975412e+06 4.731025494088e+06 5.431255143066e+06 6.326602251836e+06 7.328657389315e+06 8.326175440963e+06 9.200788986191e+06 9.848257273394e+06 1.019983930340e+07 1.023746905822e+07 9.998008822399e+06 9.565282910012e+06 9.052304598678e+06 8.578552711250e+06 8.247591085306e+06 8.129103566763e+06 8.247591085306e+06 8.578552711250e+06 9.052304598678e+06 9.565282910012e+06 9.998008822399e+06 1.023746905822e+07 1.019983930340e+07 9.848257273394e+06 9.200788986191e+06 8.326175440963e+06 7.328657389315e+06 6.326602251836e+06 5.431255143066e+06 4.731025494088e+06 4.283848975412e+06 4.116770300616e+06 4.229521843429e+06 4.598430837204e+06 5.178408916862e+06 5.903184013458e+06 6.686093768157e+06 7.424599572103e+06 8.010700031749e+06 8.346914561786e+06 8.364513970512e+06 8.038614427652e+06 7.394781861813e+06 6.504177093812e+06 5.468122256638e+06 4.396619044285e+06 3.387191279858e+06 2.509746724405e+06 1.800465552751e+06 1.264391021239e+06 8.838576389406e+05 6.289487480731e+05 4.667641564908e+05 3.677202280532e+05 3.085925747838e+05 2.730053789888e+05 2.504306137910e+05 2.346418280730e+05 2.222325658878e+05 2.114730438655e+05 2.015469072697e+05 1.920966758136e+05 1.829782385254e+05 1.741394060755e+05 1.655645285356e+05 1.572511147429e+05
1.599744996886e+05 1.684322346863e+05 1.771567939100e+05 1.861524585744e+05 1.954400816704e+05 2.050857878727e+05 2.152683566015e+05 2.264255264699e+05 2.395463788087e+05 2.567053501000e+05 2.819437913998e+05 3.225609426009e+05 3.907308668700e+05 5.050839881485e+05 6.915123490599e+05 9.821178564494e+05 1.411179504694e+06 2.007554011140e+06 2.784168769786e+06 3.726967687956e+06 4.787133437680e+06 5.880706923276e+06 6.898197987164e+06 7.723578189782e+06 8.258308495061e+06 8.443500157018e+06 8.273338677795e+06 7.795751528848e+06 7.100792018353e+06 6.301332469426e+06 5.512626420897e+06 4.836452449507e+06 4.352581350638e+06 4.116770300616e+06 4.161989149748e+06 4.499095588916e+06 5.114729668124e+06 5.966967103585e+06 6.981911690075e+06 8.055566955233e+06 9.064217530661e+06 9.883399394101e+06 1.041164221666e+07 1.059237486982e+07 1.042716600775e+07 9.976075664346e+06 9.345151333192e+06 8.665048105878e+06 8.066717536874e+06 7.659598307112e+06 7.515570199813e+06 7.659598307112e+06 8.066717536874e+06 8.665048105878e+06 9.345151333192e+06 9.976075664346e+06 1.042716600775e+07 1.059237486982e+07 1.041164221666e+07 9.883399394101e+06 9.064217530661e+06 8.055566955233e+06 6.981911690075e+06 5.966967103585e+06 5.114729668124e+06 4.499095588916e+06 4.161989149748e+06 4.116770300616e+06 4.352581350638e+06 4.836452449507e+06 5.512626420897e+06 6.301332469426e+06 7.100792018353e+06 7.795751528848e+06 8.273338677795e+06 8.443500157018e+06 8.258308495061e+06 7.723578189782e+06 6.898197987164e+06 5.880706923276e+06 4.787133437680e+06 3.726967687956e+06 2.784168769786e+06 2.007554011140e+06 1.411179504694e+06 9.821178564494e+05 6.915123490599e+05 5.050839881485e+05 3.907308668700e+05 3.225609426009e+05 2.819437913998e+05 2.567053501000e+05 2.395463788087e+05 2.264255264699e+05 2.152683566015e+05 2.050857878727e+05 1.954400816704e+05 1.861524585744e+05 1.771567939100e+05 1.684322346863e+05 1.599744996886e+05
1.625757967149e+05 1.711714286685e+05 1.800391092898e+05 1.891850331791e+05 1.986355642901e+05 2.084714714588e+05 2.189076809047e+05 2.304649136346e+05 2.443091949412e+05 2.628643523803e+05 2.908075960038e+05 3.364971012910e+05 4.137024691046e+05 5.431868414051e+05 7.532734421286e+05 1.078196374129e+06 1.553082329645e+06 2.205136307899e+06 3.042089708380e+06 4.040846838328e+06 5.140687935992e+06 6.245330632717e+06 7.236019126212e+06 7.993994899069e+06 8.426683983491e+06 8.489669058471e+06 8.197363387974e+06 7.619157647495e+06 6.863011037447e+06 6.052643512368e+06 5.305853137429e+06 4.719682839249e+06 4.364340241309e+06 4.283848975412e+06 4.499095588916e+06 5.009055613824e+06 5.788266368918e+06 6.781914162192e+06 7.902646190379e+06 9.033989199875e+06 1.004341802760e+07 1.080422416004e+07 1.122106935620e+07 1.125156780995e+07 1.091683880769e+07 1.029759487822e+07 9.517305182950e+06 8.717967108860e+06 8.035330877692e+06 7.578873534145e+06 7.418710966169e+06 7.578873534145e+06 8.035330877692e+06 8.717967108860e+06 9.517305182950e+06 1.029759487822e+07 1.091683880769e+07 1.125156780995e+07 1.122106935620e+07 1.080422416004e+07 1.004341802760e+07 9.033989199875e+06 7.902646190379e+06 6.781914162192e+06 5.788266368918e+06 5.009055613824e+06 4.499095588916e+06 4.283848975412e+06 4.364340241309e+06 4.719682839249e+06 5.305853137429e+06 6.052643512368e+06 6.863011037447e+06 7.619157647495e+06 8.197363387974e+06 8.489669058471e+06 8.426683983491e+06 7.993994899069e+06 7.236019126212e+06 6.245330632717e+06 5.140687935992e+06 4.040846838328e+06 3.042089708380e+06 2.205136307899e+06 1.553082329645e+06 1.078196374129e+06 7.532734421286e+05 5.431868414051e+05 4.137024691046e+05 3.364971012910e+05 2.908075960038e+05 2.628643523803e+05 2.443091949412e+05 2.304649136346e+05 2.189076809047e+05 2.084714714588e+05 1.986355642901e+05 1.891850331791e+05 1.800391092898e+05 1.711714286685e+05 1.625757967149e+05
1.650475578233e+05 1.737742479313e+05 1.827780129197e+05 1.920669809927e+05 2.016730472739e+05 2.116915848969e+05 2.223733313786e+05 2.343206347263e+05 2.488721990896e+05 2.687897705229e+05 2.993591633403e+05 3.499395442429e+05 4.357853735414e+05 5.796031119903e+05 8.118598246004e+05 1.168544517920e+06 1.685227042967e+06 2.387169927245e+06 3.276951597084e+06 4.323070104589e+06 5.454327586174e+06 6.564356291447e+06 7.527929351538e+06 8.226356249220e+06 8.575089684556e+06 8.544804322143e+06 8.168908702279e+06 7.535232050293e+06 6.765370912052e+06 5.989249011986e+06 5.323099373348e+06 4.856332741802e+06 4.648202263322e+06 4.731025494088e+06 5.114729668124e+06 5.788266368918e+06 6.716415692850e+06 7.834225637176e+06 9.044057069653e+06 1.022050890190e+07 1.122592961520e+07 1.193467267005e+07 1.225975860331e+07 1.217344409008e+07 1.171466247898e+07 1.098087672886e+07 1.010742529945e+07 9.241316005163e+06 8.516981084892e+06 8.038926323888e+06 7.872250783389e+06 8.038926323888e+06 8.516981084892e+06 9.241316005163e+06 1.010742529945e+07 1.098087672886e+07 1.171466247898e+07 1.217344409008e+07 1.225975860331e+07 1.193467267005e+07 1.122592961520e+07 1.022050890190e+07 9.044057069653e+06 7.834225637176e+06 6.716415692850e+06 5.788266368918e+06 5.114729668124e+06 4.731025494088e+06 4.648202263322e+06 4.856332741802e+06 5.323099373348e+06 5.989249011986e+06 6.765370912052e+06 7.535232050293e+06 8.168908702279e+06 8.544804322143e+06 8.575089684556e+06 8.226356249220e+06 7.527929351538e+06 6.564356291447e+06 5.454327586174e+06 4.323070104589e+06 3.276951597084e+06 2.387169927245e+06 1.685227042967e+06 1.168544517920e+06 8.118598246004e+05 5.796031119903e+05 4.357853735414e+05 3.499395442429e+05 2.993591633403e+05 2.687897705229e+05 2.488721990896e+05 2.343206347263e+05 2.223733313786e+05 2.116915848969e+05 2.016730472739e+05 1.920669809927e+05 1.827780129197e+05 1.737742479313e+05 1.650475578233e+05
1.673826232765e+05 1.762331285521e+05 1.853654643466e+05 1.947895900934e+05 2.045426156594e+05 2.147336175234e+05 2.256467619165e+05 2.379601610818e+05 2.531717859782e+05 2.743528447556e+05 3.073419754424e+05 3.623989010378e+05 4.560983211210e+05 6.128480391778e+05 8.649488314183e+05 1.249819655722e+06 1.803250805398e+06 2.548625463000e+06 3.483937437517e+06 4.570534237315e+06 5.728724320828e+06 6.844572276968e+06 7.788964965833e+06 8.445267185097e+06 8.737667309632e+06 8.650902722959e+06 8.234566341448e+06 7.590767799175e+06 6.850035351109e+06 6.144163125308e+06 5.584621793980e+06 5.251542278964e+06 5.193144330879e+06 5.431255143066e+06 5.966967103585e+06 6.781914162192e+06 7.834225637176e+06 9.052253993320e+06 1.033179034567e+07 1.154229472572e+07 1.254442732930e+07 1.321607899242e+07 1.347949871443e+07 1.332040395022e+07 1.279225743422e+07 1.200428991014e+07 1.109778814695e+07 1.021880533060e+07 9.495235966820e+06 9.022670825809e+06 8.858780164998e+06 9.022670825809e+06 9.495235966820e+06 1.021880533060e+07 1.109778814695e+07 1.200428991014e+07 1.279225743422e+07 1.332040395022e+07 1.347949871443e+07 1.321607899242e+07 1.254442732930e+07 1.154229472572e+07 1.033179034567e+07 9.052253993320e+06 7.834225637176e+06 6.781914162192e+06 5.966967103585e+06 5.431255143066e+06 5.193144330879e+06 5.251542278964e+06 5.584621793980e+06 6.144163125308e+06 6.850035351109e+06 7.590767799175e+06 8.234566341448e+06 8.650902722959e+06 8.737667309632e+06 8.445267185097e+06 7.788964965833e+06 6.844572276968e+06 5.728724320828e+06 4.570534237315e+06 3.483937437517e+06 2.548625463000e+06 1.803250805398e+06 1.249819655722e+06 8.649488314183e+05 6.128480391778e+05 4.560983211210e+05 3.623989010378e+05 3.073419754424e+05 2.743528447556e+05 2.531717859782e+05 2.379601610818e+05 2.256467619165e+05 2.147336175234e+05 2.045426156594e+05 1.947895900934e+05 1.853654643466e+05 1.762331285521e+05 1.673826232765e+05
1.695741570028e+05 1.785408451205e+05 1.877937724999e+05 1.973444976696e+05 2.072346768029e+05 2.175853003498e+05 2.287095003935e+05 2.413507896041e+05 2.571440473284e+05 2.794252968310e+05 3.145039258883e+05 3.734024706001e+05 4.738076636856e+05 6.415521210959e+05 9.104645477583e+05 1.319155562838e+06 1.903628373407e+06 2.685820017139e+06 3.660209429329e+06 4.782784160805e+06 5.967739627952e+06 7.096139766782e+06 8.037101821466e+06 8.676999201022e+06 8.947992982062e+06 8.846237609282e+06 8.433314861145e+06 7.820637279611e+06 7.142882636878e+06 6.530019468386e+06 6.086706593125e+06 5.883521420527e+06 5.958915262188e+06 6.326602251836e+06 6.981911690075e+06 7.902646190379e+06 9.044057069653e+06 1.033179034567e+07 1.165911584821e+07 1.289410676079e+07 1.389863025266e+07 1.455551232473e+07 1.479561761808e+07 1.461534338143e+07 1.407806587342e+07 1.329907283107e+07 1.241971442024e+07 1.157986318618e+07 1.089683612591e+07 1.045460880704e+07 1.030194032464e+07 1.045460880704e+07 1.089683612591e+07 1.157986318618e+07 1.241971442024e+07 1.329907283107e+07 1.407806587342e+07 1.461534338143e+07 1.479561761808e+07 1.455551232473e+07 1.389863025266e+07 1.289410676079e+07 1.165911584821e+07 1.033179034567e+07 9.044057069653e+06 7.902646190379e+06 6.981911690075e+06 6.326602251836e+06 5.958915262188e+06 5.883521420527e+06 6.086706593125e+06 6.530019468386e+06 7.142882636878e+06 7.820637279611e+06 8.433314861145e+06 8.846237609282e+06 8.947992982062e+06 8.676999201022e+06 8.037101821466e+06 7.096139766782e+06 5.967739627952e+06 4.782784160805e+06 3.660209429329e+06 2.685820017139e+06 1.903628373407e+06 1.319155562838e+06 9.104645477583e+05 6.415521210959e+05 4.738076636856e+05 3.734024706001e+05 3.145039258883e+05 2.794252968310e+05 2.571440473284e+05 2.413507896041e+05 2.287095003935e+05 2.175853003498e+05 2.072346768029e+05 1.973444976696e+05 1.877937724999e+05 1.785408451205e+05 1.695741570028e+05
1.716156811569e+05 1.806905505515e+05 1.900556486484e+05 1.997237793435e+05 2.097401501404e+05 2.202350614372e+05 2.315442662659e+05 2.444623066961e+05 2.607308038339e+05 2.838921783169e+05 3.206229244130e+05 3.825417491276e+05 4.882091193076e+05 6.645904999990e+05 9.467640322556e+05 1.374401137005e+06 1.983932695181e+06 2.796629925554e+06 3.804957605407e+06 4.961739718616e+06 6.177651583662e+06 7.331159073441e+06 8.291060078155e+06 8.946528009771e+06 9.235450928041e+06 9.161265195087e+06 8.792210599427e+06 8.243530343738e+06 7.649530608888e+06 7.135589777040e+06 6.798868414036e+06 6.701617379469e+06 6.875174427735e+06 7.328657389315e+06 8.055566955233e+06 9.033989199875e+06 1.022050890190e+07 1.154229472572e+07 1.289410676079e+07 1.414595569619e+07 1.516292048463e+07 1.583287089254e+07 1.609316939130e+07 1.594665068583e+07 1.546098926595e+07 1.475156247697e+07 1.395444500404e+07 1.319931234686e+07 1.259042322298e+07 1.219894618380e+07 1.206432806630e+07 1.219894618380e+07 1.259042322298e+07 1.319931234686e+07 1.395444500404e+07 1.475156247697e+07 1.546098926595e+07 1.594665068583e+07 1.609316939130e+07 1.583287089254e+07 1.516292048463e+07 1.414595569619e+07 1.289410676079e+07 1.154229472572e+07 1.022050890190e+07 9.033989199875e+06 8.055566955233e+06 7.328657389315e+06 6.875174427735e+06 6.701617379469e+06 6.798868414036e+06 7.135589777040e+06 7.649530608888e+06 8.243530343738e+06 8.792210599427e+06 9.161265195087e+06 9.235450928041e+06 8.946528009771e+06 8.291060078155e+06 7.331159073441e+06 6.177651583662e+06 4.961739718616e+06 3.804957605407e+06 2.796629925554e+06 1.983932695181e+06 1.374401137005e+06 9.467640322556e+05 6.645904999990e+05 4.882091193076e+05 3.825417491276e+05 3.206229244130e+05 2.838921783169e+05 2.607308038339e+05 2.444623066961e+05 2.315442662659e+05 2.202350614372e+05 2.097401501404e+05 1.997237793435e+05 1.900556486484e+05 1.806905505515e+05 1.716156811569e+05
1.735011094026e+05 1.826758148555e+05 1.921442591261e+05 2.019200404836e+05 2.120506642196e+05 2.226724993282e+05 2.341361239598e+05 2.472697055079e+05 2.638856704815e+05 2.876645781156e+05 3.255317425778e+05 3.895175252876e+05 4.988032473351e+05 6.811982731972e+05 9.727953298149e+05 1.414307802057e+06 2.043010165053e+06 2.880573177033e+06 3.919265539745e+06 5.111186504371e+06 6.366103477585e+06 7.561938408436e+06 8.567828436811e+06 9.274356080290e+06 9.621518664823e+06 9.614647462115e+06 9.322504031353e+06 8.858563815279e+06 8.352852329955e+06 7.924613555105e+06 7.664386930161e+06 7.628925521064e+06 7.846497376308e+06 8.326175440963e+06 9.064217530661e+06 1.004341802760e+07 1.122592961520e+07 1.254442732930e+07 1.389863025266e+07 1.516292048463e+07 1.620633320732e+07 1.692043531522e+07 1.724568432534e+07 1.718577565580e+07 1.680654070338e+07 1.621783166845e+07 1.554627765175e+07 1.490914097554e+07 1.439720723824e+07 1.406953933148e+07 1.395719104915e+07 1.406953933148e+07 1.439720723824e+07 1.490914097554e+07 1.554627765175e+07 1.621783166845e+07 1.680654070338e+07 1.718577565580e+07 1.724568432534e+07 1.692043531522e+07 1.620633320732e+07 1.516292048463e+07 1.389863025266e+07 1.254442732930e+07 1.122592961520e+07 1.004341802760e+07 9.064217530661e+06 8.326175440963e+06 7.846497376308e+06 7.628925521064e+06 7.664386930161e+06 7.924613555105e+06 8.352852329955e+06 8.858563815279e+06 9.322504031353e+06 9.614647462115e+06 9.621518664823e+06 9.274356080290e+06 8.567828436811e+06 7.561938408436e+06 6.366103477585e+06 5.111186504371e+06 3.919265539745e+06 2.880573177033e+06 2.043010165053e+06 1.414307802057e+06 9.727953298149e+05 6.811982731972e+05 4.988032473351e+05 3.895175252876e+05 3.255317425778e+05 2.876645781156e+05 2.638856704815e+05 2.472697055079e+05 2.341361239598e+05 2.226724993282e+05 2.120506642196e+05 2.019200404836e+05 1.921442591261e+05 1.826758148555e+05 1.735011094026e+05
1.752247784327e+05 1.844906617267e+05 1.940532746440e+05 2.039265003549e+05 2.141587354576e+05 2.248888069766e+05 2.364735041246e+05 2.497555658936e+05 2.665793074923e+05 2.906904778483e+05 3.291388991469e+05 3.941770225669e+05 5.053559372303e+05 6.910593264109e+05 9.882116633406e+05 1.438649052677e+06 2.081057716266e+06 2.938759539173e+06 4.005810764085e+06 5.236077193586e+06 6.540857837537e+06 7.799095212759e+06 8.880097246473e+06 9.673391530152e+06 1.011635543414e+07 1.020995776472e+07 1.001698353403e+07 9.643850669142e+06 9.213370885188e+06 8.838580219252e+06 8.605953831503e+06 8.571154970115e+06 8.764657173221e+06 9.200788986191e+06 9.883399394101e+06 1.080422416004e+07 1.193467267005e+07 1.321607899242e+07 1.455551232473e+07 1.583287089254e+07 1.692043531522e+07 1.771015061799e+07 1.814220204053e+07 1.821355410524e+07 1.798259428818e+07 1.754897657158e+07 1.702749593018e+07 1.652316609571e+07 1.611544615479e+07 1.585426572763e+07 1.576476211694e+07 1.585426572763e+07 1.611544615479e+07 1.652316609571e+07 1.702749593018e+07 1.754897657158e+07 1.798259428818e+07 1.821355410524e+07 1.814220204053e+07 1.771015061799e+07 1.692043531522e+07 1.583287089254e+07 1.455551232473e+07 1.321607899242e+07 1.193467267005e+07 1.080422416004e+07 9.883399394101e+06 9.200788986191e+06 8.764657173221e+06 8.571154970115e+06 8.605953831503e+06 8.838580219252e+06 9.213370885188e+06 9.643850669142e+06 1.001698353403e+07 1.020995776472e+07 1.011635543414e+07 9.673391530152e+06 8.880097246473e+06 7.799095212759e+06 6.540857837537e+06 5.236077193586e+06 4.005810764085e+06 2.938759539173e+06 2.081057716266e+06 1.438649052677e+06 9.882116633406e+05 6.910593264109e+05 5.053559372303e+05 3.941770225669e+05 3.291388991469e+05 2.906904778483e+05 2.665793074923e+05 2.497555658936e+05 2.364735041246e+05 2.248888069766e+05 2.141587354576e+05 2.039265003549e+05 1.940532746440e+05 1.844906617267e+05 1.752247784327e+05
1.767814772552e+05 1.861296018307e+05 1.957769130888e+05 2.057370602381e+05 2.160579040539e+05 2.268770816545e+05 2.385489336008e+05 2.519117297833e+05 2.688030661590e+05 2.929621721942e+05 3.314426504836e+05 3.965380787093e+05 5.079361050264e+05 6.943577567871e+05 9.934284483951e+05 1.448258928386e+06 2.099593929277e+06 2.973714400357e+06 4.068431413773e+06 5.341714968193e+06 6.708484596758e+06 8.049695592872e+06 9.233905319987e+06 1.014631218255e+07 1.071626964884e+07 1.093380392955e+07 1.084942652265e+07 1.055799620307e+07 1.017347109364e+07 9.804191014616e+06 9.536712445619e+06 9.431324598003e+06 9.526799764531e+06 9.848257273394e+06 1.041164221666e+07 1.122106935620e+07 1.225975860331e+07 1.347949871443e+07 1.479561761808e+07 1.609316939130e+07 1.724568432534e+07 1.814220204053e+07 1.871345043466e+07 1.894689181979e+07 1.888722431181e+07 1.862054958618e+07 1.824966242772e+07 1.787020114327e+07 1.755521915651e+07 1.735087905130e+07 1.728049603134e+07 1.735087905130e+07 1.755521915651e+07 1.787020114327e+07 1.824966242772e+07 1.862054958618e+07 1.888722431181e+07 1.894689181979e+07 1.871345043466e+07 1.814220204053e+07 1.724568432534e+07 1.609316939130e+07 1.479561761808e+07 1.347949871443e+07 1.225975860331e+07 1.122106935620e+07 1.041164221666e+07 9.848257273394e+06 9.526799764531e+06 9.431324598003e+06 9.536712445619e+06 9.804191014616e+06 1.017347109364e+07 1.055799620307e+07 1.084942652265e+07 1.093380392955e+07 1.071626964884e+07 1.014631218255e+07 9.233905319987e+06 8.049695592872e+06 6.708484596758e+06 5.341714968193e+06 4.068431413773e+06 2.973714400357e+06 2.099593929277e+06 1.448258928386e+06 9.934284483951e+05 6.943577567871e+05 5.079361050264e+05 3.965380787093e+05 3.314426504836e+05 2.929621721942e+05 2.688030661590e+05 2.519117297833e+05 2.385489336008e+05 2.268770816545e+05 2.160579040539e+05 2.057370602381e+05 1.957769130888e+05 1.861296018307e+05 1.767814772552e+05
1.781664738482e+05 1.875876619068e+05 1.973099734125e+05 2.073463487394e+05 2.177428083174e+05 2.286324715910e+05 2.403593523260e+05 2.537399899014e+05 2.705704196073e+05 2.945190267688e+05 3.325357980169e+05 3.967964380704e+05 5.069244738250e+05 6.917833728968e+05 9.896130706997e+05 1.444980655024e+06 2.101322728124e+06 2.989092608733e+06 4.111608527786e+06 5.432921922379e+06 6.873163362786e+06 8.315712219949e+06 9.626898190915e+06 1.068393160245e+07 1.140267624948e+07 1.175600973036e+07 1.177671546039e+07 1.154482914872e+07 1.116527476761e+07 1.074464868875e+07 1.037490726389e+07 1.012738476506e+07 1.005536835496e+07 1.019983930340e+07 1.059237486982e+07 1.125156780995e+07 1.217344409008e+07 1.332040395022e+07 1.461534338143e+07 1.594665068583e+07 1.718577565580e+07 1.821355410524e+07 1.894689181979e+07 1.935646701986e+07 1.946951156984e+07 1.935722961919e+07 1.911257600058e+07 1.882720670357e+07 1.857510921627e+07 1.840604989908e+07 1.834693870446e+07 1.840604989908e+07 1.857510921627e+07 1.882720670357e+07 1.911257600058e+07 1.935722961919e+07 1.946951156984e+07 1.935646701986e+07 1.894689181979e+07 1.821355410524e+07 1.718577565580e+07 1.594665068583e+07 1.461534338143e+07 1.332040395022e+07 1.217344409008e+07 1.125156780995e+07 1.059237486982e+07 1.019983930340e+07 1.005536835496e+07 1.012738476506e+07 1.037490726389e+07 1.074464868875e+07 1.116527476761e+07 1.154482914872e+07 1.177671546039e+07 1.175600973036e+07 1.140267624948e+07 1.068393160245e+07 9.626898190914e+06 8.315712219949e+06 6.873163362786e+06 5.432921922379e+06 4.111608527786e+06 2.989092608733e+06 2.101322728124e+06 1.444980655024e+06 9.896130706997e+05 6.917833728968e+05 5.069244738250e+05 3.967964380704e+05 3.325357980169e+05 2.945190267688e+05 2.705704196073e+05 2.537399899014e+05 2.403593523260e+05 2.286324715910e+05 2.177428083174e+05 2.073463487394e+05 1.973099734125e+05 1.875876619068e+05 1.781664738482e+05
1.793755389092e+05 1.888604091767e+05 1.986478593892e+05 2.087497409424e+05 2.192091881298e+05 2.301521345437e+05 2.419059543972e+05 2.552516425304e+05 2.719158464746e+05 2.954448865155e+05 3.325999983273e+05 3.953138557293e+05 5.029898202829e+05 6.844863588272e+05 9.786022497660e+05 1.431523135516e+06 2.089896877643e+06 2.989310776890e+06 4.139931313008e+06 5.513321019682e+06 7.035812689595e+06 8.593113347172e+06 1.004760565701e+07 1.126503105743e+07 1.214297739635e+07 1.263211709452e+07 1.274352060414e+07 1.254068988938e+07 1.212070479371e+07 1.159232668489e+07 1.105862184106e+07 1.060817136956e+07 1.031421942141e+07 1.023746905822e+07 1.042716600775e+07 1.091683880769e+07 1.171466247898e+07 1.279225743422e+07 1.407806587342e+07 1.546098926595e+07 1.680654070338e+07 1.798259428818e+07 1.888722431181e+07 1.946951156984e+07 1.973654438109e+07 1.974510778960e+07 1.958231684381e+07 1.934289198268e+07 1.911044186314e+07 1.894668393703e+07 1.888812452764e+07 1.894668393703e+07 1.911044186314e+07 1.934289198268e+07 1.958231684381e+07 1.974510778960e+07 1.973654438109e+07 1.946951156984e+07 1.888722431181e+07 1.798259428818e+07 1.680654070338e+07 1.546098926595e+07 1.407806587342e+07 1.279225743422e+07 1.171466247898e+07 1.091683880769e+07 1.042716600775e+07 1.023746905822e+07 1.031421942141e+07 1.060817136956e+07 1.105862184106e+07 1.159232668489e+07 1.212070479371e+07 1.254068988938e+07 1.274352060414e+07 1.263211709452e+07 1.214297739635e+07 1.126503105743e+07 1.004760565701e+07 8.593113347172e+06 7.035812689595e+06 5.513321019682e+06 4.139931313008e+06 2.989310776890e+06 2.089896877643e+06 1.431523135516e+06 9.786022497660e+05 6.844863588272e+05 5.029898202829e+05 3.953138557293e+05 3.325999983273e+05 2.954448865155e+05 2.719158464746e+05 2.552516425304e+05 2.419059543972e+05 2.301521345437e+05 2.192091881298e+05 2.087497409424e+05 1.986478593892e+05 1.888604091767e+05 1.793755389092e+05
1.804049665653e+05 1.899439709929e+05 1.997865933715e+05 2.099433520406e+05 2.204538193006e+05 2.314350121423e+05 2.431935601303e+05 2.564659131705e+05 2.728911708634e+05 2.958601104407e+05 3.318894811321e+05 3.925867994417e+05 4.970323886579e+05 6.739810970973e+05 9.627485627132e+05 1.411231620064e+06 2.069598774935e+06 2.979137602559e+06 4.157622525816e+06 5.584864102018e+06 7.193747497569e+06 8.871850067985e+06 1.047603808465e+07 1.185791027891e+07 1.289344114139e+07 1.350792736196e+07 1.368871048120e+07 1.348269460517e+07 1.298129235096e+07 1.229948889578e+07 1.155650055152e+07 1.086304294407e+07 1.031606012604e+07 9.998008822399e+06 9.976075664346e+06 1.029759487822e+07 1.098087672886e+07 1.200428991014e+07 1.329907283107e+07 1.475156247697e+07 1.621783166845e+07 1.754897657158e+07 1.862054958618e+07 1.935722961919e+07 1.974510778960e+07 1.982845428310e+07 1.969339757217e+07 1.944496371453e+07 1.918473435640e+07 1.899413785141e+07 1.892475817610e+07 1.899413785141e+07 1.918473435640e+07 1.944496371453e+07 1.969339757217e+07 1.982845428310e+07 1.974510778960e+07 1.935722961919e+07 1.862054958618e+07 1.754897657158e+07 1.621783166845e+07 1.475156247697e+07 1.329907283107e+07 1.200428991014e+07 1.098087672886e+07 1.029759487822e+07 9.976075664346e+06 9.998008822399e+06 1.031606012604e+07 1.086304294407e+07 1.155650055152e+07 1.229948889578e+07 1.298129235096e+07 1.348269460517e+07 1.368871048120e+07 1.350792736196e+07 1.289344114139e+07 1.185791027891e+07 1.047603808465e+07 8.871850067985e+06 7.193747497569e+06 5.584864102018e+06 4.157622525816e+06 2.979137602559e+06 2.069598774935e+06 1.411231620064e+06 9.627485627132e+05 6.739810970973e+05 4.970323886579e+05 3.925867994417e+05 3.318894811321e+05 2.958601104407e+05 2.728911708634e+05 2.564659131705e+05 2.431935601303e+05 2.314350121423e+05 2.204538193006e+05 2.099433520406e+05 1.997865933715e+05 1.899439709929e+05 1.804049665653e+05
1.812515920370e+05 1.908350500568e+05 2.007228214053e+05 2.109240097413e+05 2.214743908621e+05 2.324814511302e+05 2.442295938340e+05 2.574074223314e+05 2.735597080844e+05 2.959089162370e+05 3.307054314580e+05 3.891979373223e+05 4.900981336682e+05 6.620051547156e+05 9.447059822661e+05 1.387788934909e+06 2.044965943436e+06 2.963287317734e+06 4.168194716982e+06 5.647708018677e+06 7.340994287347e+06 9.136875110622e+06 1.088568246062e+07 1.242358990330e+07 1.360373003263e+07 1.432530148513e+07 1.455214357008e+07 1.431598993207e+07 1.370513490680e+07 1.284402230899e+07 1.187125959939e+07 1.092223070909e+07 1.011887914307e+07 9.565282910012e+06 9.345151333192e+06 9.517305182950e+06 1.010742529945e+07 1.109778814695e+07 1.241971442024e+07 1.395444500404e+07 1.554627765175e+07 1.702749593018e+07 1.824966242772e+07 1.911257600058e+07 1.958231684381e+07 1.969339757217e+07 1.953543650155e+07 1.922947728233e+07 1.890116306157e+07 1.865704293747e+07 1.856750520950e+07 1.865704293747e+07 1.890116306157e+07 1.922947728233e+07 1.953543650155e+07 1.969339757217e+07 1.958231684381e+07 1.911257600058e+07 1.824966242772e+07 1.702749593018e+07 1.554627765175e+07 1.395444500404e+07 1.241971442024e+07 1.109778814695e+07 1.010742529945e+07 9.517305182950e+06 9.345151333192e+06 9.565282910012e+06 1.011887914307e+07 1.092223070909e+07 1.187125959939e+07 1.284402230899e+07 1.370513490680e+07 1.431598993207e+07 1.455214357008e+07 1.432530148513e+07 1.360373003263e+07 1.242358990330e+07 1.088568246062e+07 9.136875110622e+06 7.340994287347e+06 5.647708018677e+06 4.168194716982e+06 2.963287317734e+06 2.044965943436e+06 1.387788934909e+06 9.447059822660e+05 6.620051547156e+05 4.900981336682e+05 3.891979373223e+05 3.307054314580e+05 2.959089162370e+05 2.735597080844e+05 2.574074223314e+05 2.442295938340e+05 2.324814511302e+05 2.214743908621e+05 2.109240097413e+05 2.007228214053e+05 1.908350500568e+05 1.812515920370e+05
1.819128063373e+05 1.915309357988e+05 2.014538119096e+05 2.116892123449e+05 2.222693450038e+05 2.332927238058e+05 2.450227971854e+05 2.581029936551e+05 2.739888751794e+05 2.957433818334e+05 3.293636177177e+05 3.857550531871e+05 4.832716294415e+05 6.503458737365e+05 9.271730196918e+05 1.364873408334e+06 2.020395635895e+06 2.946057967434e+06 4.174281774436e+06 5.700474675604e+06 7.469268534984e+06 9.370126900093e+06 1.124670251290e+07 1.292026499360e+07 1.422239419927e+07 1.502818793854e+07 1.528045374071e+07 1.499832590532e+07 1.426922114907e+07 1.322856018715e+07 1.203487160397e+07 1.084766040173e+07 9.812335669318e+06 9.052304598678e+06 8.665048105878e+06 8.717967108860e+06 9.241316005163e+06 1.021880533060e+07 1.157986318618e+07 1.319931234686e+07 1.490914097554e+07 1.652316609571e+07 1.787020114327e+07 1.882720670357e+07 1.934289198268e+07 1.944496371453e+07 1.922947728233e+07 1.883615431723e+07 1.841687068202e+07 1.810486936537e+07 1.799028382699e+07 1.810486936537e+07 1.841687068202e+07 1.883615431723e+07 1.922947728233e+07 1.944496371453e+07 1.934289198268e+07 1.882720670357e+07 1.787020114327e+07 1.652316609571e+07 1.490914097554e+07 1.319931234686e+07 1.157986318618e+07 1.021880533060e+07 9.241316005163e+06 8.717967108860e+06 8.665048105878e+06 9.052304598678e+06 9.812335669318e+06 1.084766040173e+07 1.203487160397e+07 1.322856018715e+07 1.426922114907e+07 1.499832590532e+07 1.528045374071e+07 1.502818793854e+07 1.422239419927e+07 1.292026499360e+07 1.124670251290e+07 9.370126900093e+06 7.469268534984e+06 5.700474675604e+06 4.174281774436e+06 2.946057967434e+06 2.020395635895e+06 1.364873408334e+06 9.271730196918e+05 6.503458737365e+05 4.832716294415e+05 3.857550531871e+05 3.293636177177e+05 2.957433818334e+05 2.739888751794e+05 2.581029936551e+05 2.450227971854e+05 2.332927238058e+05 2.222693450038e+05 2.116892123449e+05 2.014538119096e+05 1.915309357988e+05 1.819128063373e+05
1.823865681263e+05 1.920295126225e+05 2.019774504717e+05 2.122370805957e+05 2.228377032889e+05 2.338705121124e+05 2.455818429356e+05 2.585781994096e+05 2.742421546712e+05 2.955059756238e+05 3.281589530565e+05 3.828241643134e+05 4.775592063759e+05 6.406527750930e+05 9.126196390185e+05 1.345807064422e+06 1.999765144817e+06 2.931043548839e+06 4.177648122193e+06 5.740841806132e+06 7.569467785268e+06 9.553196949955e+06 1.152988769316e+07 1.330836098472e+07 1.470250066118e+07 1.556793464132e+07 1.583089607007e+07 1.550121234999e+07 1.466682382383e+07 1.347339068339e+07 1.209675313371e+07 1.071669252086e+07 9.497763821610e+06 8.578552711250e+06 8.066717536874e+06 8.035330877692e+06 8.516981084892e+06 9.495235966820e+06 1.089683612591e+07 1.259042322298e+07 1.439720723824e+07 1.611544615479e+07 1.755521915651e+07 1.857510921627e+07 1.911044186314e+07 1.918473435640e+07 1.890116306157e+07 1.841687068202e+07 1.790733922681e+07 1.752948242581e+07 1.739081984984e+07 1.752948242581e+07 1.790733922681e+07 1.841687068202e+07 1.890116306157e+07 1.918473435640e+07 1.911044186314e+07 1.857510921627e+07 1.755521915651e+07 1.611544615479e+07 1.439720723824e+07 1.259042322298e+07 1.089683612591e+07 9.495235966820e+06 8.516981084892e+06 8.035330877692e+06 8.066717536874e+06 8.578552711250e+06 9.497763821610e+06 1.071669252086e+07 1.209675313371e+07 1.347339068339e+07 1.466682382383e+07 1.550121234999e+07 1.583089607007e+07 1.556793464132e+07 1.470250066118e+07 1.330836098472e+07 1.152988769316e+07 9.553196949955e+06 7.569467785268e+06 5.740841806132e+06 4.177648122193e+06 2.931043548839e+06 1.999765144817e+06 1.345807064422e+06 9.126196390185e+05 6.406527750930e+05 4.775592063759e+05 3.828241643134e+05 3.281589530565e+05 2.955059756238e+05 2.742421546712e+05 2.585781994096e+05 2.455818429356e+05 2.338705121124e+05 2.228377032889e+05 2.122370805957e+05 2.019774504717e+05 1.920295126225e+05 1.823865681263e+05
1.826714128346e+05 1.923292656626e+05 2.022922331895e+05 2.125663112204e+05 2.231789029314e+05 2.342164221512e+05 2.459140247502e+05 2.588540773731e+05 2.743714150733e+05 2.953127840821e+05 3.273313572318e+05 3.808650002975e+05 4.737763592460e+05 6.342578005192e+05 9.030287880085e+05 1.333231054053e+06 1.986101475217e+06 2.920930790120e+06 4.179331856104e+06 5.766324350210e+06 7.633399502783e+06 9.670226415726e+06 1.171072299181e+07 1.355544139307e+07 1.500664202329e+07 1.590730303084e+07 1.617307347710e+07 1.580811965455e+07 1.490126605406e+07 1.360542799247e+07 1.210822352581e+07 1.060294449490e+07 9.266653719767e+06 8.247591085306e+06 7.659598307112e+06 7.578873534145e+06 8.038926323888e+06 9.022670825809e+06 1.045460880704e+07 1.219894618380e+07 1.406953933148e+07 1.585426572763e+07 1.735087905130e+07 1.840604989908e+07 1.894668393703e+07 1.899413785141e+07 1.865704293747e+07 1.810486936537e+07 1.752948242581e+07 1.710408850714e+07 1.694812583843e+07 1.710408850714e+07 1.752948242581e+07 1.810486936537e+07 1.865704293747e+07 1.899413785141e+07 1.894668393703e+07 1.840604989908e+07 1.735087905130e+07 1.585426572763e+07 1.406953933148e+07 1.219894618380e+07 1.045460880704e+07 9.022670825809e+06 8.038926323888e+06 7.578873534145e+06 7.659598307112e+06 8.247591085306e+06 9.266653719767e+06 1.060294449490e+07 1.210822352581e+07 1.360542799247e+07 1.490126605406e+07 1.580811965455e+07 1.617307347710e+07 1.590730303084e+07 1.500664202329e+07 1.355544139307e+07 1.171072299181e+07 9.670226415726e+06 7.633399502783e+06 5.766324350210e+06 4.179331856104e+06 2.920930790120e+06 1.986101475217e+06 1.333231054053e+06 9.030287880085e+05 6.342578005192e+05 4.737763592460e+05 3.808650002975e+05 3.273313572318e+05 2.953127840821e+05 2.743714150733e+05 2.588540773731e+05 2.459140247502e+05 2.342164221512e+05 2.231789029314e+05 2.125663112204e+05 2.022922331895e+05 1.923292656626e+05 1.826714128346e+05
1.827664591388e+05 1.924292845701e+05 2.023972605434e+05 2.126761388490e+05 2.232926639420e+05 2.343315894420e+05 2.460241868050e+05 2.589444342344e+05 2.744105718188e+05 2.952396082548e+05 3.270373686620e+05 3.801772605899e+05 4.724540037161e+05 6.320261751982e+05 8.996838280777e+05 1.328843797225e+06 1.981327268981e+06 2.917373941772e+06 4.179843487132e+06 5.775049663274e+06 7.655386301565e+06 9.710498019300e+06 1.177290598110e+07 1.364026437530e+07 1.511078243149e+07 1.602305359583e+07 1.628909073807e+07 1.591116576372e+07 1.497850520729e+07 1.364664471550e+07 1.210737720222e+07 1.055873542686e+07 9.182128141035e+06 8.129103566763e+06 7.515570199813e+06 7.418710966169e+06 7.872250783389e+06 8.858780164998e+06 1.030194032464e+07 1.206432806630e+07 1.395719104915e+07 1.576476211694e+07 1.728049603134e+07 1.834693870446e+07 1.888812452764e+07 1.892475817610e+07 1.856750520950e+07 1.799028382699e+07 1.739081984984e+07 1.694812583843e+07 1.678587955045e+07 1.694812583843e+07 1.739081984984e+07 1.799028382699e+07 1.856750520950e+07 1.892475817610e+07 1.888812452764e+07 1.834693870446e+07 1.728049603134e+07 1.576476211694e+07 1.395719104915e+07 1.206432806630e+07 1.030194032464e+07 8.858780164998e+06 7.872250783389e+06 7.418710966169e+06 7.515570199813e+06 8.129103566763e+06 9.182128141035e+06 1.055873542686e+07 1.210737720222e+07 1.364664471550e+07 1.497850520729e+07 1.591116576372e+07 1.628909073807e+07 1.602305359583e+07 1.511078243149e+07 1.364026437530e+07 1.177290598110e+07 9.710498019300e+06 7.655386301565e+06 5.775049663274e+06 4.179843487132e+06 2.917373941772e+06 1.981327268981e+06 1.328843797225e+06 8.996838280777e+05 6.320261751982e+05 4.724540037161e+05 3.801772605899e+05 3.270373686620e+05 2.952396082548e+05 2.744105718188e+05 2.589444342344e+05 2.460241868050e+05 2.343315894420e+05 2.232926639420e+05 2.126761388490e+05 2.023972605434e+05 1.924292845701e+05 1.827664591388e+05
1.826714128346e+05 1.923292656626e+05 2.022922331895e+05 2.125663112204e+05 2.231789029314e+05 2.342164221512e+05 2.459140247502e+05 2.588540773731e+05 2.743714150733e+05 2.953127840821e+05 3.273313572318e+05 3.808650002975e+05 4.737763592460e+05 6.342578005192e+05 9.030287880085e+05 1.333231054053e+06 1.986101475217e+06 2.920930790120e+06 4.179331856104e+06 5.766324350210e+06 7.633399502783e+06 9.670226415726e+06 1.171072299181e+07 1.355544139307e+07 1.500664202329e+07 1.590730303084e+07 1.617307347710e+07 1.580811965455e+07 1.490126605406e+07 1.360542799247e+07 1.210822352581e+07 1.060294449490e+07 9.266653719767e+06 8.247591085306e+06 7.659598307112e+06 7.578873534145e+06 8.038926323888e+06 9.022670825809e+06 1.045460880704e+07 1.219894618380e+07 1.406953933148e+07 1.585426572763e+07 1.735087905130e+07 1.840604989908e+07 1.894668393703e+07 1.899413785141e+07 1.865704293747e+07 1.810486936537e+07 1.752948242581e+07 1.710408850714e+07 1.694812583843e+07 1.710408850714e+07 1.752948242581e+07 1.810486936537e+07 1.865704293747e+07 1.899413785141e+07 1.894668393703e+07 1.840604989908e+07 1.735087905130e+07 1.585426572763e+07 1.406953933148e+07 1.219894618380e+07 1.045460880704e+07 9.022670825809e+06 8.038926323888e+06 7.578873534145e+06 7.659598307112e+06 8.247591085306e+06 9.266653719767e+06 1.060294449490e+07 1.210822352581e+07 1.360542799247e+07 1.490126605406e+07 1.580811965455e+07 1.617307347710e+07 1.590730303084e+07 1.500664202329e+07 1.355544139307e+07 1.171072299181e+07 9.670226415726e+06 7.633399502783e+06 5.766324350210e+06 4.179331856104e+06 2.920930790120e+06 1.986101475217e+06 1.333231054053e+06 9.030287880085e+05 6.342578005192e+05 4.737763592460e+05 3.808650002975e+05 3.273313572318e+05 2.953127840821e+05 2.743714150733e+05 2.588540773731e+05 2.459140247502e+05 2.342164221512e+05 2.231789029314e+05 2.125663112204e+05 2.022922331895e+05 1.923292656626e+05 1.826714128346e+05
1.823865681263e+05 1.920295126225e+05 2.019774504717e+05 2.122370805957e+05 2.228377032889e+05 2.338705121124e+05 2.455818429356e+05 2.585781994096e+05 2.742421546712e+05 2.955059756238e+05 3.281589530565e+05 3.828241643134e+05 4.775592063759e+05 6.406527750930e+05 9.126196390185e+05 1.345807064422e+06 1.999765144817e+06 2.931043548839e+06 4.177648122193e+06 5.740841806132e+06 7.569467785268e+06 9.553196949955e+06 1.152988769316e+07 1.330836098472e+07 1.470250066118e+07 1.556793464132e+07 1.583089607007e+07 1.550121234999e+07 1.466682382383e+07 1.347339068339e+07 1.209675313371e+07 1.071669252086e+07 9.497763821610e+06 8.578552711250e+06 8.066717536874e+06 8.035330877692e+06 8.516981084892e+06 9.495235966820e+06 1.089683612591e+07 1.259042322298e+07 1.439720723824e+07 1.611544615479e+07 1.755521915651e+07 1.857510921627e+07 1.911044186314e+07 1.918473435640e+07 1.890116306157e+07 1.841687068202e+07 1.790733922681e+07 1.752948242581e+07 1.739081984984e+07 1.752948242581e+07 1.790733922681e+07 1.841687068202e+07 1.890116306157e+07 1.918473435640e+07 1.911044186314e+07 1.857510921627e+07 1.755521915651e+07 1.611544615479e+07 1.439720723824e+07 1.259042322298e+07 1.089683612591e+07 9.495235966820e+06 8.516981084892e+06 8.035330877692e+06 8.066717536874e+06 8.578552711250e+06 9.497763821610e+06 1.071669252086e+07 1.209675313371e+07 1.347339068339e+07 1.466682382383e+07 1.550121234999e+07 1.583089607007e+07 1.556793464132e+07 1.470250066118e+07 1.330836098472e+07 1.152988769316e+07 9.553196949955e+06 7.569467785268e+06 5.740841806132e+06 4.177648122193e+06 2.931043548839e+06 1.999765144817e+06 1.345807064422e+06 9.126196390185e+05 6.406527750930e+05 4.775592063759e+05 3.828241643134e+05 3.281589530565e+05 2.955059756238e+05 2.742421546712e+05 2.585781994096e+05 2.455818429356e+05 2.338705121124e+05 2.228377032889e+05 2.122370805957e+05 2.019774504717e+05 1.920295126225e+05 1.823865681263e+05
1.819128063373e+05 1.915309357988e+05 2.014538119096e+05 2.116892123449e+05 2.222693450038e+05 2.332927238058e+05 2.450227971854e+05 2.581029936551e+05 2.739888751794e+05 2.957433818334e+05 3.293636177177e+05 3.857550531871e+05 4.832716294415e+05 6.503458737365e+05 9.271730196918e+05 1.364873408334e+06 2.020395635895e+06 2.946057967434e+06 4.174281774436e+06 5.700474675604e+06 7.469268534984e+06 9.370126900093e+06 1.124670251290e+07 1.292026499360e+07 1.422239419927e+07 1.502818793854e+07 1.528045374071e+07 1.499832590532e+07 1.426922114907e+07 1.322856018715e+07 1.203487160397e+07 1.084766040173e+07 9.812335669318e+06 9.052304598678e+06 8.665048105878e+06 8.717967108860e+06 9.241316005163e+06 1.021880533060e+07 1.157986318618e+07 1.319931234686e+07 1.490914097554e+07 1.652316609571e+07 1.787020114327e+07 1.882720670357e+07 1.934289198268e+07 1.944496371453e+07 1.922947728233e+07 1.883615431723e+07 1.841687068202e+07 1.810486936537e+07 1.799028382699e+07 1.810486936537e+07 1.841687068202e+07 1.883615431723e+07 1.922947728233e+07 1.944496371453e+07 1.934289198268e+07 1.882720670357e+07 1.787020114327e+07 1.652316609571e+07 1.490914097554e+07 1.319931234686e+07 1.157986318618e+07 1.021880533060e+07 9.241316005163e+06 8.717967108860e+06 8.665048105878e+06 9.052304598678e+06 9.812335669318e+06 1.084766040173e+07 1.203487160397e+07 1.322856018715e+07 1.426922114907e+07 1.499832590532e+07 1.528045374071e+07 1.502818793854e+07 1.422239419927e+07 1.292026499360e+07 1.124670251290e+07 9.370126900093e+06 7.469268534984e+06 5.700474675604e+06 4.174281774436e+06 2.946057967434e+06 2.020395635895e+06 1.364873408334e+06 9.271730196918e+05 6.503458737365e+05 4.832716294415e+05 3.857550531871e+05 3.293636177177e+05 2.957433818334e+05 2.739888751794e+05 2.581029936551e+05 2.450227971854e+05 2.332927238058e+05 2.222693450038e+05 2.116892123449e+05 2.014538119096e+05 1.915309357988e+05 1.819128063373e+05
1.812515920370e+05 1.908350500568e+05 2.007228214053e+05 2.109240097413e+05 2.214743908621e+05 2.324814511302e+05 2.442295938340e+05 2.574074223314e+05 2.735597080844e+05 2.959089162370e+05 3.307054314580e+05 3.891979373223e+05 4.900981336682e+05 6.620051547156e+05 9.447059822661e+05 1.387788934909e+06 2.044965943436e+06 2.963287317734e+06 4.168194716982e+06 5.647708018677e+06 7.340994287347e+06 9.136875110622e+06 1.088568246062e+07 1.242358990330e+07 1.360373003263e+07 1.432530148513e+07 1.455214357008e+07 1.431598993207e+07 1.370513490680e+07 1.284402230899e+07 1.187125959939e+07 1.092223070909e+07 1.011887914307e+07 9.565282910012e+06 9.345151333192e+06 9.517305182950e+06 1.010742529945e+07 1.109778814695e+07 1.241971442024e+07 1.395444500404e+07 1.554627765175e+07 1.702749593018e+07 1.824966242772e+07 1.911257600058e+07 1.958231684381e+07 1.969339757217e+07 1.953543650155e+07 1.922947728233e+07 1.890116306157e+07 1.865704293747e+07 1.856750520950e+07 1.865704293747e+07 1.890116306157e+07 1.922947728233e+07 1.953543650155e+07 1.969339757217e+07 1.958231684381e+07 1.911257600058e+07 1.824966242772e+07 1.702749593018e+07 1.554627765175e+07 1.395444500404e+07 1.241971442024e+07 1.109778814695e+07 1.010742529945e+07 9.517305182950e+06 9.345151333192e+06 9.565282910012e+06 1.011887914307e+07 1.092223070909e+07 1.187125959939e+07 1.284402230899e+07 1.370513490680e+07 1.431598993207e+07 1.455214357008e+07 1.432530148513e+07 1.360373003263e+07 1.242358990330e+07 1.088568246062e+07 9.136875110622e+06 7.340994287347e+06 5.647708018677e+06 4.168194716982e+06 2.963287317734e+06 2.044965943436e+06 1.387788934909e+06 9.447059822660e+05 6.620051547156e+05 4.900981336682e+05 3.891979373223e+05 3.307054314580e+05 2.959089162370e+05 2.735597080844e+05 2.574074223314e+05 2.442295938340e+05 2.324814511302e+05 2.214743908621e+05 2.109240097413e+05 2.007228214053e+05 1.908350500568e+05 1.812515920370e+05
1.804049665653e+05 1.899439709929e+05 1.997865933715e+05 2.099433520406e+05 2.204538193006e+05 2.314350121423e+05 2.431935601303e+05 2.564659131705e+05 2.728911708634e+05 2.958601104407e+05 3.318894811321e+05 3.925867994417e+05 4.970323886579e+05 6.739810970973e+05 9.627485627132e+05 1.411231620064e+06 2.069598774935e+06 2.979137602559e+06 4.157622525816e+06 5.584864102018e+06 7.193747497569e+06 8.871850067985e+06 1.047603808465e+07 1.185791027891e+07 1.289344114139e+07 1.350792736196e+07 1.368871048120e+07 1.348269460517e+07 1.298129235096e+07 1.229948889578e+07 1.155650055152e+07 1.086304294407e+07 1.031606012604e+07 9.998008822399e+06 9.976075664346e+06 1.029759487822e+07 1.098087672886e+07 1.200428991014e+07 1.329907283107e+07 1.475156247697e+07 1.621783166845e+07 1.754897657158e+07 1.862054958618e+07 1.935722961919e+07 1.974510778960e+07 1.982845428310e+07 1.969339757217e+07 1.944496371453e+07 1.918473435640e+07 1.899413785141e+07 1.892475817610e+07 1.899413785141e+07 1.918473435640e+07 1.944496371453e+07 1.969339757217e+07 1.982845428310e+07 1.974510778960e+07 1.935722961919e+07 1.862054958618e+07 1.754897657158e+07 1.621783166845e+07 1.475156247697e+07 1.329907283107e+07 1.200428991014e+07 1.098087672886e+07 1.029759487822e+07 9.976075664346e+06 9.998008822399e+06 1.031606012604e+07 1.086304294407e+07 1.155650055152e+07 1.229948889578e+07 1.298129235096e+07 1.348269460517e+07 1.368871048120e+07 1.350792736196e+07 1.289344114139e+07 1.185791027891e+07 1.047603808465e+07 8.871850067985e+06 7.193747497569e+06 5.584864102018e+06 4.157622525816e+06 2.979137602559e+06 2.069598774935e+06 1.411231620064e+06 9.627485627132e+05 6.739810970973e+05 4.970323886579e+05 3.925867994417e+05 3.318894811321e+05 2.958601104407e+05 2.728911708634e+05 2.564659131705e+05 2.431935601303e+05 2.314350121423e+05 2.204538193006e+05 2.099433520406e+05 1.997865933715e+05 1.899439709929e+05 1.804049665653e+05
1.793755389092e+05 1.888604091767e+05 1.986478593892e+05 2.087497409424e+05 2.192091881298e+05 2.301521345437e+05 2.419059543972e+05 2.552516425304e+05 2.719158464746e+05 2.954448865155e+05 3.325999983273e+05 3.953138557293e+05 5.029898202829e+05 6.844863588272e+05 9.786022497660e+05 1.431523135516e+06 2.089896877643e+06 2.989310776890e+06 4.139931313008e+06 5.513321019682e+06 7.035812689595e+06 8.593113347172e+06 1.004760565701e+07 1.126503105743e+07 1.214297739635e+07 1.263211709452e+07 1.274352060414e+07 1.254068988938e+07 1.212070479371e+07 1.159232668489e+07 1.105862184106e+07 1.060817136956e+07 1.031421942141e+07 1.023746905822e+07 1.042716600775e+07 1.091683880769e+07 1.171466247898e+07 1.279225743422e+07 1.407806587342e+07 1.546098926595e+07 1.680654070338e+07 1.798259428818e+07 1.888722431181e+07 1.946951156984e+07 1.973654438109e+07 1.974510778960e+07 1.958231684381e+07 1.934289198268e+07 1.911044186314e+07 1.894668393703e+07 1.888812452764e+07 1.894668393703e+07 1.911044186314e+07 1.934289198268e+07 1.958231684381e+07 1.974510778960e+07 1.973654438109e+07 1.946951156984e+07 1.888722431181e+07 1.798259428818e+07 1.680654070338e+07 1.546098926595e+07 1.407806587342e+07 1.279225743422e+07 1.171466247898e+07 1.091683880769e+07 1.042716600775e+07 1.023746905822e+07 1.031421942141e+07 1.060817136956e+07 1.105862184106e+07 1.159232668489e+07 1.212070479371e+07 1.254068988938e+07 1.274352060414e+07 1.263211709452e+07 1.214297739635e+07 1.126503105743e+07 1.004760565701e+07 8.593113347172e+06 7.035812689595e+06 5.513321019682e+06 4.139931313008e+06 2.989310776890e+06 2.089896877643e+06 1.431523135516e+06 9.786022497660e+05 6.844863588272e+05 5.029898202829e+05 3.953138557293e+05 3.325999983273e+05 2.954448865155e+05 2.719158464746e+05 2.552516425304e+05 2.419059543972e+05 2.301521345437e+05 2.192091881298e+05 2.087497409424e+05 1.986478593892e+05 1.888604091767e+05 1.793755389092e+05
1.781664738482e+05 1.875876619068e+05 1.973099734125e+05 2.073463487394e+05 2.177428083174e+05 2.286324715910e+05 2.403593523260e+05 2.537399899014e+05 2.705704196073e+05 2.945190267688e+05 3.325357980169e+05 3.967964380704e+05 5.069244738250e+05 6.917833728968e+05 9.896130706997e+05 1.444980655024e+06 2.101322728124e+06 2.989092608733e+06 4.111608527786e+06 5.432921922379e+06 6.873163362786e+06 8.315712219949e+06 9.626898190915e+06 1.068393160245e+07 1.140267624948e+07 1.175600973036e+07 1.177671546039e+07 1.154482914872e+07 1.116527476761e+07 1.074464868875e+07 1.037490726389e+07 1.012738476506e+07 1.005536835496e+07 1.019983930340e+07 1.059237486982e+07 1.125156780995e+07 1.217344409008e+07 1.332040395022e+07 1.461534338143e+07 1.594665068583e+07 1.718577565580e+07 1.821355410524e+07 1.894689181979e+07 1.935646701986e+07 1.946951156984e+07 1.935722961919e+07 1.911257600058e+07 1.882720670357e+07 1.857510921627e+07 1.840604989908e+07 1.834693870446e+07 1.840604989908e+07 1.857510921627e+07 1.882720670357e+07 1.911257600058e+07 1.935722961919e+07 1.946951156984e+07 1.935646701986e+07 1.894689181979e+07 1.821355410524e+07 1.718577565580e+07 1.594665068583e+07 1.461534338143e+07 1.332040395022e+07 1.217344409008e+07 1.125156780995e+07 1.059237486982e+07 1.019983930340e+07 1.005536835496e+07 1.012738476506e+07 1.037490726389e+07 1.074464868875e+07 1.116527476761e+07 1.154482914872e+07 1.177671546039e+07 1.175600973036e+07 1.140267624948e+07 1.068393160245e+07 9.626898190914e+06 8.315712219949e+06 6.873163362786e+06 5.432921922379e+06 4.111608527786e+06 2.989092608733e+06 2.101322728124e+06 1.444980655024e+06 9.896130706997e+05 6.917833728968e+05 5.069244738250e+05 3.967964380704e+05 3.325357980169e+05 2.945190267688e+05 2.705704196073e+05 2.537399899014e+05 2.403593523260e+05 2.286324715910e+05 2.177428083174e+05 2.073463487394e+05 1.973099734125e+05 1.875876619068e+05 1.781664738482e+05
1.767814772552e+05 1.861296018307e+05 1.957769130888e+05 2.057370602381e+05 2.160579040539e+05 2.268770816545e+05 2.385489336008e+05 2.519117297833e+05 2.688030661590e+05 2.929621721942e+05 3.314426504836e+05 3.965380787093e+05 5.079361050264e+05 6.943577567871e+05 9.934284483951e+05 1.448258928386e+06 2.099593929277e+06 2.973714400357e+06 4.068431413773e+06 5.341714968193e+06 6.708484596758e+06 8.049695592872e+06 9.233905319987e+06 1.014631218255e+07 1.071626964884e+07 1.093380392955e+07 1.084942652265e+07 1.055799620307e+07 1.017347109364e+07 9.804191014616e+06 9.536712445619e+06 9.431324598003e+06 9.526799764531e+06 9.848257273394e+06 1.041164221666e+07 1.122106935620e+07 1.225975860331e+07 1.347949871443e+07 1.479561761808e+07 1.609316939130e+07 1.724568432534e+07 1.814220204053e+07 1.871345043466e+07 1.894689181979e+07 1.888722431181e+07 1.862054958618e+07 1.824966242772e+07 1.787020114327e+07 1.755521915651e+07 1.735087905130e+07 1.728049603134e+07 1.735087905130e+07 1.755521915651e+07 1.787020114327e+07 1.824966242772e+07 1.862054958618e+07 1.888722431181e+07 1.894689181979e+07 1.871345043466e+07 1.814220204053e+07 1.724568432534e+07 1.609316939130e+07 1.479561761808e+07 1.347949871443e+07 1.225975860331e+07 1.122106935620e+07 1.041164221666e+07 9.848257273394e+06 9.526799764531e+06 9.431324598003e+06 9.536712445619e+06 9.804191014616e+06 1.017347109364e+07 1.055799620307e+07 1.084942652265e+07 1.093380392955e+07 1.071626964884e+07 1.014631218255e+07 9.233905319987e+06 8.049695592872e+06 6.708484596758e+06 5.341714968193e+06 4.068431413773e+06 2.973714400357e+06 2.099593929277e+06 1.448258928386e+06 9.934284483951e+05 6.943577567871e+05 5.079361050264e+05 3.965380787093e+05 3.314426504836e+05 2.929621721942e+05 2.688030661590e+05 2.519117297833e+05 2.385489336008e+05 2.268770816545e+05 2.160579040539e+05 2.057370602381e+05 1.957769130888e+05 1.861296018307e+05 1.767814772552e+05
1.752247784327e+05 1.844906617267e+05 1.940532746440e+05 2.039265003549e+05 2.141587354576e+05 2.248888069766e+05 2.364735041246e+05 2.497555658936e+05 2.665793074923e+05 2.906904778483e+05 3.291388991469e+05 3.941770225669e+05 5.053559372303e+05 6.910593264109e+05 9.882116633406e+05 1.438649052677e+06 2.081057716266e+06 2.938759539173e+06 4.005810764085e+06 5.236077193586e+06 6.540857837537e+06 7.799095212759e+06 8.880097246473e+06 9.673391530152e+06 1.011635543414e+07 1.020995776472e+07 1.001698353403e+07 9.643850669142e+06 9.213370885188e+06 8.838580219252e+06 8.605953831503e+06 8.571154970115e+06 8.764657173221e+06 9.200788986191e+06 9.883399394101e+06 1.080422416004e+07 1.193467267005e+07 1.321607899242e+07 1.455551232473e+07 1.583287089254e+07 1.692043531522e+07 1.771015061799e+07 1.814220204053e+07 1.821355410524e+07 1.798259428818e+07 1.754897657158e+07 1.702749593018e+07 1.652316609571e+07 1.611544615479e+07 1.585426572763e+07 1.576476211694e+07 1.585426572763e+07 1.611544615479e+07 1.652316609571e+07 1.702749593018e+07 1.754897657158e+07 1.798259428818e+07 1.821355410524e+07 1.814220204053e+07 1.771015061799e+07 1.692043531522e+07 1.583287089254e+07 1.455551232473e+07 1.321607899242e+07 1.193467267005e+07 1.080422416004e+07 9.883399394101e+06 9.200788986191e+06 8.764657173221e+06 8.571154970115e+06 8.605953831503e+06 8.838580219252e+06 9.213370885188e+06 9.643850669142e+06 1.001698353403e+07 1.020995776472e+07 1.011635543414e+07 9.673391530152e+06 8.880097246473e+06 7.799095212759e+06 6.540857837537e+06 5.236077193586e+06 4.005810764085e+06 2.938759539173e+06 2.081057716266e+06 1.438649052677e+06 9.882116633406e+05 6.910593264109e+05 5.053559372303e+05 3.941770225669e+05 3.291388991469e+05 2.906904778483e+05 2.665793074923e+05 2.497555658936e+05 2.364735041246e+05 2.248888069766e+05 2.141587354576e+05 2.039265003549e+05 1.940532746440e+05 1.844906617267e+05 1.752247784327e+05
1.735011094026e+05 1.826758148555e+05 1.921442591261e+05 2.019200404836e+05 2.120506642196e+05 2.226724993282e+05 2.341361239598e+05 2.472697055079e+05 2.638856704815e+05 2.876645781156e+05 3.255317425778e+05 3.895175252876e+05 4.988032473351e+05 6.811982731972e+05 9.727953298149e+05 1.414307802057e+06 2.043010165053e+06 2.880573177033e+06 3.919265539745e+06 5.111186504371e+06 6.366103477585e+06 7.561938408436e+06 8.567828436811e+06 9.274356080290e+06 9.621518664823e+06 9.614647462115e+06 9.322504031353e+06 8.858563815279e+06 8.352852329955e+06 7.924613555105e+06 7.664386930161e+06 7.628925521064e+06 7.846497376308e+06 8.326175440963e+06 9.064217530661e+06 1.004341802760e+07 1.122592961520e+07 1.254442732930e+07 1.389863025266e+07 1.516292048463e+07 1.620633320732e+07 1.692043531522e+07 1.724568432534e+07 1.718577565580e+07 1.680654070338e+07 1.621783166845e+07 1.554627765175e+07 1.490914097554e+07 1.439720723824e+07 1.406953933148e+07 1.395719104915e+07 1.406953933148e+07 1.439720723824e+07 1.490914097554e+07 1.554627765175e+07 1.621783166845e+07 1.680654070338e+07 1.718577565580e+07 1.724568432534e+07 1.692043531522e+07 1.620633320732e+07 1.516292048463e+07 1.389863025266e+07 1.254442732930e+07 1.122592961520e+07 1.004341802760e+07 9.064217530661e+06 8.326175440963e+06 7.846497376308e+06 7.628925521064e+06 7.664386930161e+06 7.924613555105e+06 8.352852329955e+06 8.858563815279e+06 9.322504031353e+06 9.614647462115e+06 9.621518664823e+06 9.274356080290e+06 8.567828436811e+06 7.561938408436e+06 6.366103477585e+06 5.111186504371e+06 3.919265539745e+06 2.880573177033e+06 2.043010165053e+06 1.414307802057e+06 9.727953298149e+05 6.811982731972e+05 4.988032473351e+05 3.895175252876e+05 3.255317425778e+05 2.876645781156e+05 2.638856704815e+05 2.472697055079e+05 2.341361239598e+05 2.226724993282e+05 2.120506642196e+05 2.019200404836e+05 1.921442591261e+05 1.826758148555e+05 1.735011094026e+05
1.716156811569e+05 1.806905505515e+05 1.900556486484e+05 1.997237793435e+05 2.097401501404e+05 2.202350614372e+05 2.315442662659e+05 2.444623066961e+05 2.607308038339e+05 2.838921783169e+05 3.206229244130e+05 3.825417491276e+05 4.882091193076e+05 6.645904999990e+05 9.467640322556e+05 1.374401137005e+06 1.983932695181e+06 2.796629925554e+06 3.804957605407e+06 4.961739718616e+06 6.177651583662e+06 7.331159073441e+06 8.291060078155e+06 8.946528009771e+06 9.235450928041e+06 9.161265195087e+06 8.792210599427e+06 8.243530343738e+06 7.649530608888e+06 7.135589777040e+06 6.798868414036e+06 6.701617379469e+06 6.875174427735e+06 7.328657389315e+06 8.055566955233e+06 9.033989199875e+06 1.022050890190e+07 1.154229472572e+07 1.289410676079e+07 1.414595569619e+07 1.516292048463e+07 1.583287089254e+07 1.609316939130e+07 1.594665068583e+07 1.546098926595e+07 1.475156247697e+07 1.395444500404e+07 1.319931234686e+07 1.259042322298e+07 1.219894618380e+07 1.206432806630e+07 1.219894618380e+07 1.259042322298e+07 1.319931234686e+07 1.395444500404e+07 1.475156247697e+07 1.546098926595e+07 1.594665068583e+07 1.609316939130e+07 1.583287089254e+07 1.516292048463e+07 1.414595569619e+07 1.289410676079e+07 1.154229472572e+07 1.022050890190e+07 9.033989199875e+06 8.055566955233e+06 7.328657389315e+06 6.875174427735e+06 6.701617379469e+06 6.798868414036e+06 7.135589777040e+06 7.649530608888e+06 8.243530343738e+06 8.792210599427e+06 9.161265195087e+06 9.235450928041e+06 8.946528009771e+06 8.291060078155e+06 7.331159073441e+06 6.177651583662e+06 4.961739718616e+06 3.804957605407e+06 2.796629925554e+06 1.983932695181e+06 1.374401137005e+06 9.467640322556e+05 6.645904999990e+05 4.882091193076e+05 3.825417491276e+05 3.206229244130e+05 2.838921783169e+05 2.607308038339e+05 2.444623066961e+05 2.315442662659e+05 2.202350614372e+05 2.097401501404e+05 1.997237793435e+05 1.900556486484e+05 1.806905505515e+05 1.716156811569e+05
1.695741570028e+05 1.785408451205e+05 1.877937724999e+05 1.973444976696e+05 2.072346768029e+05 2.175853003498e+05 2.287095003935e+05 2.413507896041e+05 2.571440473284e+05 2.794252968310e+05 3.145039258883e+05 3.734024706001e+05 4.738076636856e+05 6.415521210959e+05 9.104645477583e+05 1.319155562838e+06 1.903628373407e+06 2.685820017139e+06 3.660209429329e+06 4.782784160805e+06 5.967739627952e+06 7.096139766782e+06 8.037101821466e+06 8.676999201022e+06 8.947992982062e+06 8.846237609282e+06 8.433314861145e+06 7.820637279611e+06 7.142882636878e+06 6.530019468386e+06 6.086706593125e+06 5.883521420527e+06 5.958915262188e+06 6.326602251836e+06 6.981911690075e+06 7.902646190379e+06 9.044057069653e+06 1.033179034567e+07 1.165911584821e+07 1.289410676079e+07 1.389863025266e+07 1.455551232473e+07 1.479561761808e+07 1.461534338143e+07 1.407806587342e+07 1.329907283107e+07 1.241971442024e+07 1.157986318618e+07 1.089683612591e+07 1.045460880704e+07 1.030194032464e+07 1.045460880704e+07 1.089683612591e+07 1.157986318618e+07 1.241971442024e+07 1.329907283107e+07 1.407806587342e+07 1.461534338143e+07 1.479561761808e+07 1.455551232473e+07 1.389863025266e+07 1.289410676079e+07 1.165911584821e+07 1.033179034567e+07 9.044057069653e+06 7.902646190379e+06 6.981911690075e+06 6.326602251836e+06 5.958915262188e+06 5.883521420527e+06 6.086706593125e+06 6.530019468386e+06 7.142882636878e+06 7.820637279611e+06 8.433314861145e+06 8.846237609282e+06 8.947992982062e+06 8.676999201022e+06 8.037101821466e+06 7.096139766782e+06 5.967739627952e+06 4.782784160805e+06 3.660209429329e+06 2.685820017139e+06 1.903628373407e+06 1.319155562838e+06 9.104645477583e+05 6.415521210959e+05 4.738076636856e+05 3.734024706001e+05 3.145039258883e+05 2.794252968310e+05 2.571440473284e+05 2.413507896041e+05 2.287095003935e+05 2.175853003498e+05 2.072346768029e+05 1.973444976696e+05 1.877937724999e+05 1.785408451205e+05 1.695741570028e+05
1.673826232765e+05 1.762331285521e+05 1.853654643466e+05 1.947895900934e+05 2.045426156594e+05 2.147336175234e+05 2.256467619165e+05 2.379601610818e+05 2.531717859782e+05 2.743528447556e+05 3.073419754424e+05 3.623989010378e+05 4.560983211210e+05 6.128480391778e+05 8.649488314183e+05 1.249819655722e+06 1.803250805398e+06 2.548625463000e+06 3.483937437517e+06 4.570534237315e+06 5.728724320828e+06 6.844572276968e+06 7.788964965833e+06 8.445267185097e+06 8.737667309632e+06 8.650902722959e+06 8.234566341448e+06 7.590767799175e+06 6.850035351109e+06 6.144163125308e+06 5.584621793980e+06 5.251542278964e+06 5.193144330879e+06 5.431255143066e+06 5.966967103585e+06 6.781914162192e+06 7.834225637176e+06 9.052253993320e+06 1.033179034567e+07 1.154229472572e+07 1.254442732930e+07 1.321607899242e+07 1.347949871443e+07 1.332040395022e+07 1.279225743422e+07 1.200428991014e+07 1.109778814695e+07 1.021880533060e+07 9.495235966820e+06 9.022670825809e+06 8.858780164998e+06 9.022670825809e+06 9.495235966820e+06 1.021880533060e+07 1.109778814695e+07 1.200428991014e+07 1.279225743422e+07 1.332040395022e+07 1.347949871443e+07 1.321607899242e+07 1.254442732930e+07 1.154229472572e+07 1.033179034567e+07 9.052253993320e+06 7.834225637176e+06 6.781914162192e+06 5.966967103585e+06 5.431255143066e+06 5.193144330879e+06 5.251542278964e+06 5.584621793980e+06 6.144163125308e+06 6.850035351109e+06 7.590767799175e+06 8.234566341448e+06 8.650902722959e+06 8.737667309632e+06 8.445267185097e+06 7.788964965833e+06 6.844572276968e+06 5.728724320828e+06 4.570534237315e+06 3.483937437517e+06 2.548625463000e+06 1.803250805398e+06 1.249819655722e+06 8.649488314183e+05 6.128480391778e+05 4.560983211210e+05 3.623989010378e+05 3.073419754424e+05 2.743528447556e+05 2.531717859782e+05 2.379601610818e+05 2.256467619165e+05 2.147336175234e+05 2.045426156594e+05 1.947895900934e+05 1.853654643466e+05 1.762331285521e+05 1.673826232765e+05
1.650475578233e+05 1.737742479313e+05 1.827780129197e+05 1.920669809927e+05 2.016730472739e+05 2.116915848969e+05 2.223733313786e+05 2.343206347263e+05 2.488721990896e+05 2.687897705229e+05 2.993591633403e+05 3.499395442429e+05 4.357853735414e+05 5.796031119903e+05 8.118598246004e+05 1.168544517920e+06 1.685227042967e+06 2.387169927245e+06 3.276951597084e+06 4.323070104589e+06 5.454327586174e+06 6.564356291447e+06 7.527929351538e+06 8.226356249220e+06 8.575089684556e+06 8.544804322143e+06 8.168908702279e+06 7.535232050293e+06 6.765370912052e+06 5.989249011986e+06 5.323099373348e+06 4.856332741802e+06 4.648202263322e+06 4.731025494088e+06 5.114729668124e+06 5.788266368918e+06 6.716415692850e+06 7.834225637176e+06 9.044057069653e+06 1.022050890190e+07 1.122592961520e+07 1.193467267005e+07 1.225975860331e+07 1.217344409008e+07 1.171466247898e+07 1.098087672886e+07 1.010742529945e+07 9.241316005163e+06 8.516981084892e+06 8.038926323888e+06 7.872250783389e+06 8.038926323888e+06 8.516981084892e+06 9.241316005163e+06 1.010742529945e+07 1.098087672886e+07 1.171466247898e+07 1.217344409008e+07 1.225975860331e+07 1.193467267005e+07 1.122592961520e+07 1.022050890190e+07 9.044057069653e+06 7.834225637176e+06 6.716415692850e+06 5.788266368918e+06 5.114729668124e+06 4.731025494088e+06 4.648202263322e+06 4.856332741802e+06 5.323099373348e+06 5.989249011986e+06 6.765370912052e+06 7.535232050293e+06 8.168908702279e+06 8.544804322143e+06 8.575089684556e+06 8.226356249220e+06 7.527929351538e+06 6.564356291447e+06 5.454327586174e+06 4.323070104589e+06 3.276951597084e+06 2.387169927245e+06 1.685227042967e+06 1.168544517920e+06 8.118598246004e+05 5.796031119903e+05 4.357853735414e+05 3.499395442429e+05 2.993591633403e+05 2.687897705229e+05 2.488721990896e+05 2.343206347263e+05 2.223733313786e+05 2.116915848969e+05 2.016730472739e+05 1.920669809927e+05 1.827780129197e+05 1.737742479313e+05 1.650475578233e+05
1.625757967149e+05 1.711714286685e+05 1.800391092898e+05 1.891850331791e+05 1.986355642901e+05 2.084714714588e+05 2.189076809047e+05 2.304649136346e+05 2.443091949412e+05 2.628643523803e+05 2.908075960038e+05 3.364971012910e+05 4.137024691046e+05 5.431868414051e+05 7.532734421286e+05 1.078196374129e+06 1.553082329645e+06 2.205136307899e+06 3.042089708380e+06 4.040846838328e+06 5.140687935992e+06 6.245330632717e+06 7.236019126212e+06 7.993994899069e+06 8.426683983491e+06 8.489669058471e+06 8.197363387974e+06 7.619157647495e+06 6.863011037447e+06 6.052643512368e+06 5.305853137429e+06 4.719682839249e+06 4.364340241309e+06 4.283848975412e+06 4.499095588916e+06 5.009055613824e+06 5.788266368918e+06 6.781914162192e+06 7.902646190379e+06 9.033989199875e+06 1.004341802760e+07 1.080422416004e+07 1.122106935620e+07 1.125156780995e+07 1.091683880769e+07 1.029759487822e+07 9.517305182950e+06 8.717967108860e+06 8.035330877692e+06 7.578873534145e+06 7.418710966169e+06 7.578873534145e+06 8.035330877692e+06 8.717967108860e+06 9.517305182950e+06 1.029759487822e+07 1.091683880769e+07 1.125156780995e+07 1.122106935620e+07 1.080422416004e+07 1.004341802760e+07 9.033989199875e+06 7.902646190379e+06 6.781914162192e+06 5.788266368918e+06 5.009055613824e+06 4.499095588916e+06 4.283848975412e+06 4.364340241309e+06 4.719682839249e+06 5.305853137429e+06 6.052643512368e+06 6.863011037447e+06 7.619157647495e+06 8.197363387974e+06 8.489669058471e+06 8.426683983491e+06 7.993994899069e+06 7.236019126212e+06 6.245330632717e+06 5.140687935992e+06 4.040846838328e+06 3.042089708380e+06 2.205136307899e+06 1.553082329645e+06 1.078196374129e+06 7.532734421286e+05 5.431868414051e+05 4.137024691046e+05 3.364971012910e+05 2.908075960038e+05 2.628643523803e+05 2.443091949412e+05 2.304649136346e+05 2.189076809047e+05 2.084714714588e+05 1.986355642901e+05 1.891850331791e+05 1.800391092898e+05 1.711714286685e+05 1.625757967149e+05
1.599744996886e+05 1.684322346863e+05 1.771567939100e+05 1.861524585744e+05 1.954400816704e+05 2.050857878727e+05 2.152683566015e+05 2.264255264699e+05 2.395463788086e+05 2.567053501000e+05 2.819437913998e+05 3.225609426009e+05 3.907308668700e+05 5.050839881485e+05 6.915123490599e+05 9.821178564494e+05 1.411179504694e+06 2.007554011140e+06 2.784168769786e+06 3.726967687956e+06 4.787133437680e+06 5.880706923276e+06 6.898197987164e+06 7.723578189782e+06 8.258308495061e+06 8.443500157018e+06 8.273338677795e+06 7.795751528848e+06 7.100792018353e+06 6.301332469426e+06 5.512626420897e+06 4.836452449507e+06 4.352581350638e+06 4.116770300616e+06 4.161989149748e+06 4.499095588916e+06 5.114729668124e+06 5.966967103585e+06 6.981911690075e+06 8.055566955233e+06 9.064217530661e+06 9.883399394101e+06 1.041164221666e+07 1.059237486982e+07 1.042716600775e+07 9.976075664346e+06 9.345151333192e+06 8.665048105878e+06 8.066717536874e+06 7.659598307112e+06 7.515570199813e+06 7.659598307112e+06 8.066717536874e+06 8.665048105878e+06 9.345151333192e+06 9.976075664346e+06 1.042716600775e+07 1.059237486982e+07 1.041164221666e+07 9.883399394101e+06 9.064217530661e+06 8.055566955233e+06 6.981911690075e+06 5.966967103585e+06 5.114729668124e+06 4.499095588916e+06 4.161989149748e+06 4.116770300616e+06 4.352581350638e+06 4.836452449507e+06 5.512626420897e+06 6.301332469426e+06 7.100792018353e+06 7.795751528848e+06 8.273338677795e+06 8.443500157018e+06 8.258308495061e+06 7.723578189782e+06 6.898197987164e+06 5.880706923276e+06 4.787133437680e+06 3.726967687956e+06 2.784168769786e+06 2.007554011140e+06 1.411179504694e+06 9.821178564494e+05 6.915123490599e+05 5.050839881485e+05 3.907308668700e+05 3.225609426009e+05 2.819437913998e+05 2.567053501000e+05 2.395463788086e+05 2.264255264699e+05 2.152683566015e+05 2.050857878727e+05 1.954400816704e+05 1.861524585744e+05 1.771567939100e+05 1.684322346863e+05 1.599744996886e+05
1.572511147429e+05 1.655645285356e+05 1.741394060755e+05 1.829782385254e+05 1.920966758136e+05 2.015469072697e+05 2.114730438655e+05 2.222325658878e+05 2.346418280730e+05 2.504306137910e+05 2.730053789888e+05 3.085925747838e+05 3.677202280532e+05 4.667641564908e+05 6.289487480731e+05 8.838576389406e+05 1.264391021239e+06 1.800465552751e+06 2.509746724405e+06 3.387191279858e+06 4.396619044285e+06 5.468122256638e+06 6.504177093812e+06 7.394781861813e+06 8.038614427652e+06 8.364513970512e+06 8.346914561786e+06 8.010700031749e+06 7.424599572103e+06 6.686093768157e+06 5.903184013458e+06 5.178408916862e+06 4.598430837204e+06 4.229521843429e+06 4.116770300616e+06 4.283848975412e+06 4.731025494088e+06 5.431255143066e+06 6.326602251836e+06 7.328657389315e+06 8.326175440963e+06 9.200788986191e+06 9.848257273394e+06 1.019983930340e+07 1.023746905822e+07 9.998008822399e+06 9.565282910012e+06 9.052304598678e+06 8.578552711250e+06 8.247591085306e+06 8.129103566763e+06 8.247591085306e+06 8.578552711250e+06 9.052304598678e+06 9.565282910012e+06 9.998008822399e+06 1.023746905822e+07 1.019983930340e+07 9.848257273394e+06 9.200788986191e+06 8.326175440963e+06 7.328657389315e+06 6.326602251836e+06 5.431255143066e+06 4.731025494088e+06 4.283848975412e+06 4.116770300616e+06 4.229521843429e+06 4.598430837204e+06 5.178408916862e+06 5.903184013458e+06 6.686093768157e+06 7.424599572103e+06 8.010700031749e+06 8.346914561786e+06 8.364513970512e+06 8.038614427652e+06 7.394781861813e+06 6.504177093812e+06 5.468122256638e+06 4.396619044285e+06 3.387191279858e+06 2.509746724405e+06 1.800465552751e+06 1.264391021239e+06 8.838576389406e+05 6.289487480731e+05 4.667641564908e+05 3.677202280532e+05 3.085925747838e+05 2.730053789888e+05 2.504306137910e+05 2.346418280730e+05 2.222325658878e+05 2.114730438655e+05 2.015469072697e+05 1.920966758136e+05 1.829782385254e+05 1.741394060755e+05 1.655645285356e+05 1.572511147429e+05
1.544133422374e+05 1.625764320998e+05 1.709955374768e+05 1.796715585642e+05 1.886154664820e+05 1.978668009969e+05 2.075379177121e+05 2.179120817900e+05 2.296442586425e+05 2.441384117237e+05 2.641926407870e+05 2.949888291122e+05 3.454200767174e+05 4.295631213439e+05 5.678143294962e+05 7.868912431519e+05 1.117727874603e+06 1.590491944897e+06 2.226700323560e+06 3.029655673971e+06 3.975783069522e+06 5.010240378539e+06 6.049752793338e+06 6.993752557004e+06 7.742083460451e+06 8.214883740443e+06 8.369042522440e+06 8.206529710357e+06 7.772632124367e+06 7.145510497754e+06 6.421062213680e+06 5.697828844150e+06 5.065524276205e+06 4.598430837204e+06 4.352581350638e+06 4.364340241309e+06 4.648202263322e+06 5.193144330879e+06 5.958915262188e+06 6.875174427735e+06 7.846497376308e+06 8.764657173221e+06 9.526799764531e+06 1.005536835496e+07 1.031421942141e+07 1.031606012604e+07 1.011887914307e+07 9.812335669318e+06 9.497763821610e+06 9.266653719767e+06 9.182128141035e+06 9.266653719767e+06 9.497763821610e+06 9.812335669318e+06 1.011887914307e+07 1.031606012604e+07 1.031421942141e+07 1.005536835496e+07 9.526799764531e+06 8.764657173221e+06 7.846497376308e+06 6.875174427735e+06 5.958915262188e+06 5.193144330879e+06 4.648202263322e+06 4.364340241309e+06 4.352581350638e+06 4.598430837204e+06 5.065524276205e+06 5.697828844150e+06 6.421062213680e+06 7.145510497754e+06 7.772632124367e+06 8.206529710357e+06 8.369042522440e+06 8.214883740443e+06 7.742083460451e+06 6.993752557004e+06 6.049752793338e+06 5.010240378539e+06 3.975783069522e+06 3.029655673971e+06 2.226700323560e+06 1.590491944897e+06 1.117727874603e+06 7.868912431519e+05 5.678143294962e+05 4.295631213439e+05 3.454200767174e+05 2.949888291122e+05 2.641926407870e+05 2.441384117237e+05 2.296442586425e+05 2.179120817900e+05 2.075379177121e+05 1.978668009969e+05 1.886154664820e+05 1.796715585642e+05 1.709955374768e+05 1.625764320998e+05 1.544133422374e+05
1.514690987372e+05 1.594762881893e+05 1.677339903769e+05 1.762417590257e+05 1.850065460288e+05 1.940569036974e+05 2.034773215414e+05 2.134852511770e+05 2.245908988970e+05 2.379022370314e+05 2.556565824087e+05 2.820562384556e+05 3.244284847780e+05 3.945872599805e+05 5.100353021999e+05 6.943583888973e+05 9.759569387226e+05 1.384329393146e+06 1.943642967872e+06 2.664321247672e+06 3.534590073910e+06 4.514828208768e+06 5.537569409347e+06 6.514765734007e+06 7.351676538351e+06 7.964310948067e+06 8.295798058693e+06 8.327170434526e+06 8.079862306171e+06 7.609981393884e+06 6.996927872843e+06 6.330195401788e+06 5.697828844150e+06 5.178408916862e+06 4.836452449507e+06 4.719682839249e+06 4.856332741802e+06 5.251542278964e+06 5.883521420527e+06 6.701617379469e+06 7.628925521064e+06 8.571154970115e+06 9.431324598003e+06 1.012738476506e+07 1.060817136956e+07 1.086304294407e+07 1.092223070909e+07 1.084766040173e+07 1.071669252086e+07 1.060294449490e+07 1.055873542686e+07 1.060294449490e+07 1.071669252086e+07 1.084766040173e+07 1.092223070909e+07 1.086304294407e+07 1.060817136956e+07 1.012738476506e+07 9.431324598003e+06 8.571154970115e+06 7.628925521064e+06 6.701617379469e+06 5.883521420527e+06 5.251542278964e+06 4.856332741802e+06 4.719682839249e+06 4.836452449507e+06 5.178408916862e+06 5.697828844150e+06 6.330195401788e+06 6.996927872843e+06 7.609981393884e+06 8.079862306171e+06 8.327170434526e+06 8.295798058693e+06 7.964310948067e+06 7.351676538351e+06 6.514765734007e+06 5.537569409347e+06 4.514828208768e+06 3.534590073910e+06 2.664321247672e+06 1.943642967872e+06 1.384329393146e+06 9.759569387226e+05 6.943583888973e+05 5.100353021999e+05 3.945872599805e+05 3.244284847780e+05 2.820562384556e+05 2.556565824087e+05 2.379022370314e+05 2.245908988970e+05 2.134852511770e+05 2.034773215414e+05 1.940569036974e+05 1.850065460288e+05 1.762417590257e+05 1.677339903769e+05 1.594762881893e+05 1.514690987372e+05
1.484264807562e+05 1.562726230133e+05 1.643637399166e+05 1.726982997913e+05 1.812799514550e+05 1.901280981933e+05 1.993037582870e+05 2.089683088211e+05 2.195070928253e+05 2.317692727668e+05 2.474941801596e+05 2.699983868724e+05 3.051621656209e+05 3.626497153815e+05 4.571083445307e+05 6.088428289534e+05 8.432442957218e+05 1.188224422296e+06 1.669230829956e+06 2.302165888945e+06 3.085556823064e+06 3.994245893046e+06 4.977176418021e+06 5.961165249376e+06 6.860898858870e+06 7.593298351565e+06 8.092724292140e+06 8.323007770139e+06 8.283272907244e+06 8.006563149876e+06 7.552525468722e+06 6.996927872843e+06 6.421062213680e+06 5.903184013458e+06 5.512626420897e+06 5.305853137429e+06 5.323099373348e+06 5.584621793980e+06 6.086706593125e+06 6.798868414036e+06 7.664386930161e+06 8.605953831503e+06 9.536712445619e+06 1.037490726389e+07 1.105862184106e+07 1.155650055152e+07 1.187125959939e+07 1.203487160397e+07 1.209675313371e+07 1.210822352581e+07 1.210737720222e+07 1.210822352581e+07 1.209675313371e+07 1.203487160397e+07 1.187125959939e+07 1.155650055152e+07 1.105862184106e+07 1.037490726389e+07 9.536712445619e+06 8.605953831503e+06 7.664386930161e+06 6.798868414036e+06 6.086706593125e+06 5.584621793980e+06 5.323099373348e+06 5.305853137429e+06 5.512626420897e+06 5.903184013458e+06 6.421062213680e+06 6.996927872843e+06 7.552525468722e+06 8.006563149876e+06 8.283272907244e+06 8.323007770139e+06 8.092724292140e+06 7.593298351565e+06 6.860898858870e+06 5.961165249376e+06 4.977176418021e+06 3.994245893046e+06 3.085556823064e+06 2.302165888945e+06 1.669230829956e+06 1.188224422296e+06 8.432442957218e+05 6.088428289534e+05 4.571083445307e+05 3.626497153815e+05 3.051621656209e+05 2.699983868724e+05 2.474941801596e+05 2.317692727668e+05 2.195070928253e+05 2.089683088211e+05 1.993037582870e+05 1.901280981933e+05 1.812799514550e+05 1.726982997913e+05 1.643637399166e+05 1.562726230133e+05 1.484264807562e+05
1.452937284931e+05 1.529741093099e+05 1.608938993569e+05 1.690507352214e+05 1.774456682294e+05 1.860907921972e+05 1.950281297244e+05 2.043731057397e+05 2.144073888594e+05 2.257621398606e+05 2.397503824280e+05 2.589161450565e+05 2.878492242550e+05 3.342429184596e+05 4.100289279198e+05 5.322177029745e+05 7.228641656521e+05 1.007486289400e+06 1.411431784211e+06 1.954208552614e+06 2.642611885394e+06 3.464338220067e+06 4.384267519952e+06 5.345350636697e+06 6.274940426670e+06 7.095742891904e+06 7.738961282435e+06 8.156348844917e+06 8.328176308471e+06 8.265454396041e+06 8.006563149876e+06 7.609981393884e+06 7.145510497754e+06 6.686093768157e+06 6.301332469426e+06 6.052643512368e+06 5.989249011986e+06 6.144163125308e+06 6.530019468386e+06 7.135589777040e+06 7.924613555105e+06 8.838580219252e+06 9.804191014616e+06 1.074464868875e+07 1.159232668489e+07 1.229948889578e+07 1.284402230899e+07 1.322856018715e+07 1.347339068339e+07 1.360542799247e+07 1.364664471550e+07 1.360542799247e+07 1.347339068339e+07 1.322856018715e+07 1.284402230899e+07 1.229948889578e+07 1.159232668489e+07 1.074464868875e+07 9.804191014616e+06 8.838580219252e+06 7.924613555105e+06 7.135589777040e+06 6.530019468386e+06 6.144163125308e+06 5.989249011986e+06 6.052643512368e+06 6.301332469426e+06 6.686093768157e+06 7.145510497754e+06 7.609981393884e+06 8.006563149876e+06 8.265454396041e+06 8.328176308471e+06 8.156348844917e+06 7.738961282435e+06 7.095742891904e+06 6.274940426670e+06 5.345350636697e+06 4.384267519952e+06 3.464338220067e+06 2.642611885394e+06 1.954208552614e+06 1.411431784211e+06 1.007486289400e+06 7.228641656521e+05 5.322177029745e+05 4.100289279198e+05 3.342429184596e+05 2.878492242550e+05 2.589161450565e+05 2.397503824280e+05 2.257621398606e+05 2.144073888594e+05 2.043731057397e+05 1.950281297244e+05 1.860907921972e+05 1.774456682294e+05 1.690507352214e+05 1.608938993569e+05 1.529741093099e+05 1.452937284931e+05
1.420791896393e+05 1.495895298491e+05 1.573336868051e+05 1.653086943837e+05 1.735136516063e+05 1.819550489482e+05 1.906601311248e+05 1.997080861055e+05 2.092976820929e+05 2.198831207975e+05 2.324255339786e+05 2.488189484008e+05 2.725427318063e+05 3.095472683185e+05 3.692769084207e+05 4.655722893282e+05 6.170083644780e+05 8.460989747721e+05 1.176851081811e+06 1.630480644115e+06 2.219710673596e+06 2.942807852208e+06 3.779080486631e+06 4.687626970527e+06 5.610502235025e+06 6.480261888341e+06 7.230456302320e+06 7.806632367202e+06 8.175194705685e+06 8.328176308471e+06 8.283272907244e+06 8.079862306171e+06 7.772632124367e+06 7.424599572103e+06 7.100792018353e+06 6.863011037447e+06 6.765370912052e+06 6.850035351109e+06 7.142882636878e+06 7.649530608888e+06 8.352852329955e+06 9.213370885188e+06 1.017347109364e+07 1.116527476761e+07 1.212070479371e+07 1.298129235096e+07 1.370513490680e+07 1.426922114907e+07 1.466682382383e+07 1.490126605406e+07 1.497850520729e+07 1.490126605406e+07 1.466682382383e+07 1.426922114907e+07 1.370513490680e+07 1.298129235096e+07 1.212070479371e+07 1.116527476761e+07 1.017347109364e+07 9.213370885188e+06 8.352852329955e+06 7.649530608888e+06 7.142882636878e+06 6.850035351109e+06 6.765370912052e+06 6.863011037447e+06 7.100792018353e+06 7.424599572103e+06 7.772632124367e+06 8.079862306171e+06 8.283272907244e+06 8.328176308471e+06 8.175194705685e+06 7.806632367202e+06 7.230456302320e+06 6.480261888341e+06 5.610502235025e+06 4.687626970527e+06 3.779080486631e+06 2.942807852208e+06 2.219710673596e+06 1.630480644115e+06 1.176851081811e+06 8.460989747721e+05 6.170083644780e+05 4.655722893282e+05 3.692769084207e+05 3.095472683185e+05 2.725427318063e+05 2.488189484008e+05 2.324255339786e+05 2.198831207975e+05 2.092976820929e+05 1.997080861055e+05 1.906601311248e+05 1.819550489482e+05 1.735136516063e+05 1.653086943837e+05 1.573336868051e+05 1.495895298491e+05 1.420791896393e+05
1.387912833531e+05 1.461277410768e+05 1.536923921111e+05 1.614818619629e+05 1.694938514636e+05 1.777307331133e+05 1.862087022291e+05 1.949794472708e+05 2.041778923862e+05 2.141198121141e+05 2.254862944260e+05 2.396439387615e+05 2.591506013838e+05 2.884709001879e+05 3.348564516839e+05 4.092251314632e+05 5.267188887316e+05 7.064860650641e+05 9.702110712108e+05 1.339093282391e+06 1.829395413109e+06 2.447266173015e+06 3.184094037392e+06 4.013902667839e+06 4.894044576915e+06 5.769666698959e+06 6.581333619390e+06 7.274201050745e+06 7.806632367202e+06 8.156348844917e+06 8.323007770139e+06 8.327170434526e+06 8.206529710357e+06 8.010700031749e+06 7.795751528848e+06 7.619157647495e+06 7.535232050293e+06 7.590767799175e+06 7.820637279611e+06 8.243530343738e+06 8.858563815279e+06 9.643850669142e+06 1.055799620307e+07 1.154482914872e+07 1.254068988938e+07 1.348269460517e+07 1.431598993207e+07 1.499832590532e+07 1.550121234999e+07 1.580811965455e+07 1.591116576372e+07 1.580811965455e+07 1.550121234999e+07 1.499832590532e+07 1.431598993207e+07 1.348269460517e+07 1.254068988938e+07 1.154482914872e+07 1.055799620307e+07 9.643850669142e+06 8.858563815279e+06 8.243530343738e+06 7.820637279611e+06 7.590767799175e+06 7.535232050293e+06 7.619157647495e+06 7.795751528848e+06 8.010700031749e+06 8.206529710357e+06 8.327170434526e+06 8.323007770139e+06 8.156348844917e+06 7.806632367202e+06 7.274201050745e+06 6.581333619390e+06 5.769666698959e+06 4.894044576915e+06 4.013902667839e+06 3.184094037392e+06 2.447266173015e+06 1.829395413109e+06 1.339093282391e+06 9.702110712108e+05 7.064860650641e+05 5.267188887316e+05 4.092251314632e+05 3.348564516839e+05 2.884709001879e+05 2.591506013838e+05 2.396439387615e+05 2.254862944260e+05 2.141198121141e+05 2.041778923862e+05 1.949794472708e+05 1.862087022291e+05 1.777307331133e+05 1.694938514636e+05 1.614818619629e+05 1.536923921111e+05 1.461277410768e+05 1.387912833531e+05
1.354384645312e+05 1.425976368035e+05 1.499793430377e+05 1.575799564055e+05 1.653962296593e+05 1.734276400785e+05 1.816824489834e+05 1.901922691116e+05 1.990446814550e+05 2.084511348648e+05 2.188779228253e+05 2.312791047759e+05 2.474754460567e+05 2.707115092253e+05 3.063797612978e+05 3.628157801635e+05 4.519478051035e+05 5.894599044487e+05 7.940639389260e+05 1.085547725203e+06 1.481526957592e+06 1.993256699373e+06 2.621336592327e+06 3.352478033982e+06 4.158498298344e+06 4.998277457142e+06 5.822647455431e+06 6.581333619390e+06 7.230456302320e+06 7.738961282435e+06 8.092724292140e+06 8.295798058693e+06 8.369042522440e+06 8.346914561786e+06 8.273338677795e+06 8.197363387974e+06 8.168908702279e+06 8.234566341448e+06 8.433314861145e+06 8.792210599427e+06 9.322504031353e+06 1.001698353403e+07 1.084942652265e+07 1.177671546039e+07 1.274352060414e+07 1.368871048120e+07 1.455214357008e+07 1.528045374071e+07 1.583089607007e+07 1.617307347710e+07 1.628909073807e+07 1.617307347710e+07 1.583089607007e+07 1.528045374071e+07 1.455214357008e+07 1.368871048120e+07 1.274352060414e+07 1.177671546039e+07 1.084942652265e+07 1.001698353403e+07 9.322504031353e+06 8.792210599427e+06 8.433314861145e+06 8.234566341448e+06 8.168908702279e+06 8.197363387974e+06 8.273338677795e+06 8.346914561786e+06 8.369042522440e+06 8.295798058693e+06 8.092724292140e+06 7.738961282435e+06 7.230456302320e+06 6.581333619390e+06 5.822647455431e+06 4.998277457142e+06 4.158498298344e+06 3.352478033982e+06 2.621336592327e+06 1.993256699373e+06 1.481526957592e+06 1.085547725203e+06 7.940639389260e+05 5.894599044487e+05 4.519478051035e+05 3.628157801635e+05 3.063797612978e+05 2.707115092253e+05 2.474754460567e+05 2.312791047759e+05 2.188779228253e+05 2.084511348648e+05 1.990446814550e+05 1.901922691116e+05 1.816824489834e+05 1.734276400785e+05 1.653962296593e+05 1.575799564055e+05 1.499793430377e+05 1.425976368035e+05 1.354384645312e+05
1.320291885538e+05 1.390081120017e+05 1.462038703419e+05 1.536127034519e+05 1.612307633242e+05 1.690555880308e+05 1.770899768435e+05 1.853514548125e+05 1.938938170604e+05 2.028527987924e+05 2.125359941311e+05 2.235866035510e+05 2.372575221921e+05 2.558289697509e+05 2.831783979472e+05 3.254556645411e+05 3.917280278428e+05 4.943554183365e+05 6.487776236405e+05 8.723996577676e+05 1.182401721505e+06 1.592586960300e+06 2.109755253749e+06 2.730426485067e+06 3.438876145555e+06 4.207278322514e+06 4.998277457142e+06 5.769666698959e+06 6.480261888341e+06 7.095742891904e+06 7.593298351565e+06 7.964310948067e+06 8.214883740443e+06 8.364513970512e+06 8.443500157018e+06 8.489669058471e+06 8.544804322143e+06 8.650902722959e+06 8.846237609282e+06 9.161265195087e+06 9.614647462115e+06 1.020995776472e+07 1.093380392955e+07 1.175600973036e+07 1.263211709452e+07 1.350792736196e+07 1.432530148513e+07 1.502818793854e+07 1.556793464132e+07 1.590730303084e+07 1.602305359583e+07 1.590730303084e+07 1.556793464132e+07 1.502818793854e+07 1.432530148513e+07 1.350792736196e+07 1.263211709452e+07 1.175600973036e+07 1.093380392955e+07 1.020995776472e+07 9.614647462115e+06 9.161265195087e+06 8.846237609282e+06 8.650902722959e+06 8.544804322143e+06 8.489669058471e+06 8.443500157018e+06 8.364513970512e+06 8.214883740443e+06 7.964310948067e+06 7.593298351565e+06 7.095742891904e+06 6.480261888341e+06 5.769666698959e+06 4.998277457142e+06 4.207278322514e+06 3.438876145555e+06 2.730426485067e+06 2.109755253749e+06 1.592586960300e+06 1.182401721505e+06 8.723996577676e+05 6.487776236405e+05 4.943554183365e+05 3.917280278428e+05 3.254556645411e+05 2.831783979472e+05 2.558289697509e+05 2.372575221921e+05 2.235866035510e+05 2.125359941311e+05 2.028527987924e+05 1.938938170604e+05 1.853514548125e+05 1.770899768435e+05 1.690555880308e+05 1.612307633242e+05 1.536127034519e+05 1.462038703419e+05 1.390081120017e+05 1.320291885538e+05
1.285718767074e+05 1.353680269179e+05 1.423752718923e+05 1.495898047553e+05 1.570074320306e+05 1.646244645083e+05 1.724401073638e+05 1.804623969589e+05 1.887219449779e+05 1.973016089970e+05 2.063961090552e+05 2.164231443206e+05 2.282145403595e+05 2.433174193449e+05 2.644235031810e+05 2.959107379602e+05 3.444209037769e+05 4.193165283129e+05 5.327843583513e+05 6.993214005382e+05 9.343975818603e+05 1.252261374130e+06 1.663121869406e+06 2.170228435972e+06 2.767565099985e+06 3.438876145555e+06 4.158498298344e+06 4.894044576915e+06 5.610502235025e+06 6.274940426670e+06 6.860898858870e+06 7.351676538351e+06 7.742083460451e+06 8.038614427652e+06 8.258308495061e+06 8.426683983491e+06 8.575089684556e+06 8.737667309632e+06 8.947992982062e+06 9.235450928041e+06 9.621518664823e+06 1.011635543414e+07 1.071626964884e+07 1.140267624948e+07 1.214297739635e+07 1.289344114139e+07 1.360373003263e+07 1.422239419927e+07 1.470250066118e+07 1.500664202329e+07 1.511078243149e+07 1.500664202329e+07 1.470250066118e+07 1.422239419927e+07 1.360373003263e+07 1.289344114139e+07 1.214297739635e+07 1.140267624948e+07 1.071626964884e+07 1.011635543414e+07 9.621518664823e+06 9.235450928041e+06 8.947992982062e+06 8.737667309632e+06 8.575089684556e+06 8.426683983491e+06 8.258308495061e+06 8.038614427652e+06 7.742083460451e+06 7.351676538351e+06 6.860898858870e+06 6.274940426670e+06 5.610502235025e+06 4.894044576915e+06 4.158498298344e+06 3.438876145555e+06 2.767565099985e+06 2.170228435972e+06 1.663121869406e+06 1.252261374130e+06 9.343975818603e+05 6.993214005381e+05 5.327843583513e+05 4.193165283129e+05 3.444209037769e+05 2.959107379602e+05 2.644235031810e+05 2.433174193449e+05 2.282145403595e+05 2.164231443206e+05 2.063961090552e+05 1.973016089970e+05 1.887219449779e+05 1.804623969589e+05 1.724401073638e+05 1.646244645083e+05 1.570074320306e+05 1.495898047553e+05 1.423752718923e+05 1.353680269179e+05 1.285718767074e+05
1.250748825122e+05 1.316861717980e+05 1.385027763056e+05 1.455209024695e+05 1.527361904171e+05 1.601442295244e+05 1.677419776254e+05 1.755313519800e+05 1.835276885513e+05 1.917783407619e+05 2.004008085332e+05 2.096554361199e+05 2.200737981821e+05 2.326674436025e+05 2.492374378204e+05 2.727864196612e+05 3.079963463900e+05 3.616777110502e+05 4.430322209002e+05 5.635265008998e+05 7.361829923526e+05 9.741832584369e+05 1.288850843016e+06 1.687299702901e+06 2.170228435972e+06 2.730426485067e+06 3.352478033982e+06 4.013902667839e+06 4.687626970527e+06 5.345350636697e+06 5.961165249376e+06 6.514765734007e+06 6.993752557004e+06 7.394781861813e+06 7.723578189782e+06 7.993994899069e+06 8.226356249220e+06 8.445267185097e+06 8.676999201022e+06 8.946528009771e+06 9.274356080290e+06 9.673391530152e+06 1.014631218255e+07 1.068393160245e+07 1.126503105743e+07 1.185791027891e+07 1.242358990330e+07 1.292026499360e+07 1.330836098472e+07 1.355544139307e+07 1.364026437530e+07 1.355544139307e+07 1.330836098472e+07 1.292026499360e+07 1.242358990330e+07 1.185791027891e+07 1.126503105743e+07 1.068393160245e+07 1.014631218255e+07 9.673391530152e+06 9.274356080290e+06 8.946528009771e+06 8.676999201022e+06 8.445267185097e+06 8.226356249220e+06 7.993994899069e+06 7.723578189782e+06 7.394781861813e+06 6.993752557004e+06 6.514765734007e+06 5.961165249376e+06 5.345350636697e+06 4.687626970527e+06 4.013902667839e+06 3.352478033982e+06 2.730426485067e+06 2.170228435972e+06 1.687299702901e+06 1.288850843016e+06 9.741832584369e+05 7.361829923526e+05 5.635265008998e+05 4.430322209002e+05 3.616777110502e+05 3.079963463900e+05 2.727864196612e+05 2.492374378204e+05 2.326674436025e+05 2.200737981821e+05 2.096554361199e+05 2.004008085332e+05 1.917783407619e+05 1.835276885513e+05 1.755313519800e+05 1.677419776254e+05 1.601442295244e+05 1.527361904171e+05 1.455209024695e+05 1.385027763056e+05 1.316861717980e+05 1.250748825122e+05
1.215464591772e+05 1.279712325616e+05 1.345955067560e+05 1.414155413442e+05 1.484269300611e+05 1.556248842381e+05 1.630050418432e+05 1.705655589360e+05 1.783121272681e+05 1.862692112122e+05 1.945035469560e+05 2.031699493723e+05 2.125942759029e+05 2.234123709344e+05 2.367836786400e+05 2.546892131222e+05 2.803009459438e+05 3.183716715449e+05 3.755462193998e+05 4.604512752805e+05 5.834050071907e+05 7.556228050652e+05 9.878936353612e+05 1.288850843016e+06 1.663121869406e+06 2.109755253749e+06 2.621336592327e+06 3.184094037392e+06 3.779080486631e+06 4.384267519952e+06 4.977176418021e+06 5.537569409347e+06 6.049752793338e+06 6.504177093812e+06 6.898197987164e+06 7.236019126212e+06 7.527929351538e+06 7.788964965833e+06 8.037101821466e+06 8.291060078155e+06 8.567828436811e+06 8.880097246473e+06 9.233905319987e+06 9.626898190914e+06 1.004760565701e+07 1.047603808465e+07 1.088568246062e+07 1.124670251290e+07 1.152988769316e+07 1.171072299181e+07 1.177290598110e+07 1.171072299181e+07 1.152988769316e+07 1.124670251290e+07 1.088568246062e+07 1.047603808465e+07 1.004760565701e+07 9.626898190914e+06 9.233905319987e+06 8.880097246473e+06 8.567828436811e+06 8.291060078155e+06 8.037101821466e+06 7.788964965833e+06 7.527929351538e+06 7.236019126212e+06 6.898197987164e+06 6.504177093812e+06 6.049752793338e+06 5.537569409347e+06 4.977176418021e+06 4.384267519952e+06 3.779080486631e+06 3.184094037392e+06 2.621336592327e+06 2.109755253749e+06 1.663121869406e+06 1.288850843016e+06 9.878936353612e+05 7.556228050652e+05 5.834050071907e+05 4.604512752805e+05 3.755462193998e+05 3.183716715449e+05 2.803009459438e+05 2.546892131222e+05 2.367836786400e+05 2.234123709344e+05 2.125942759029e+05 2.031699493723e+05 1.945035469560e+05 1.862692112122e+05 1.783121272681e+05 1.705655589360e+05 1.630050418432e+05 1.556248842381e+05 1.484269300611e+05 1.414155413442e+05 1.345955067560e+05 1.279712325616e+05 1.215464591772e+05
1.179947283926e+05 1.242317577490e+05 1.306624456309e+05 1.372831300321e+05 1.440894351640e+05 1.510764170927e+05 1.582390044260e+05 1.655731689081e+05 1.730787900652e+05 1.807661919533e+05 1.886700848441e+05 1.968773345551e+05 2.055784926630e+05 2.151565439398e+05 2.263279602232e+05 2.403477856968e+05 2.592784349481e+05 2.862986151525e+05 3.259954938642e+05 3.845473558657e+05 4.696796656762e+05 5.902822409101e+05 7.556228050652e+05 9.741832584369e+05 1.252261374130e+06 1.592586960300e+06 1.993256699373e+06 2.447266173015e+06 2.942807852208e+06 3.464338220067e+06 3.994245893046e+06 4.514828208768e+06 5.010240378539e+06 5.468122256638e+06 5.880706923276e+06 6.245330632717e+06 6.564356291447e+06 6.844572276968e+06 7.096139766782e+06 7.331159073441e+06 7.561938408436e+06 7.799095212759e+06 8.049695592872e+06 8.315712219949e+06 8.593113347172e+06 8.871850067985e+06 9.136875110622e+06 9.370126900093e+06 9.553196949955e+06 9.670226415726e+06 9.710498019300e+06 9.670226415726e+06 9.553196949955e+06 9.370126900093e+06 9.136875110622e+06 8.871850067985e+06 8.593113347172e+06 8.315712219949e+06 8.049695592872e+06 7.799095212759e+06 7.561938408436e+06 7.331159073441e+06 7.096139766782e+06 6.844572276968e+06 6.564356291447e+06 6.245330632717e+06 5.880706923276e+06 5.468122256638e+06 5.010240378539e+06 4.514828208768e+06 3.994245893046e+06 3.464338220067e+06 2.942807852208e+06 2.447266173015e+06 1.993256699373e+06 1.592586960300e+06 1.252261374130e+06 9.741832584369e+05 7.556228050652e+05 5.902822409101e+05 4.696796656762e+05 3.845473558657e+05 3.259954938642e+05 2.862986151525e+05 2.592784349481e+05 2.403477856968e+05 2.263279602232e+05 2.151565439398e+05 2.055784926630e+05 1.968773345551e+05 1.886700848441e+05 1.807661919533e+05 1.730787900652e+05 1.655731689081e+05 1.582390044260e+05 1.510764170927e+05 1.440894351640e+05 1.372831300321e+05 1.306624456309e+05 1.242317577490e+05 1.179947283926e+05
1.144276506466e+05 1.204761270231e+05 1.267124006167e+05 1.331329031199e+05 1.397333362701e+05 1.465087390397e+05 1.534537148804e+05 1.605630593935e+05 1.678333321423e+05 1.752665139155e+05 1.828779613188e+05 1.907125880709e+05 1.988756009539e+05 2.075868545456e+05 2.172699467060e+05 2.286866764437e+05 2.431218738724e+05 2.626105222198e+05 2.901779351708e+05 3.300375866099e+05 3.876678189480e+05 4.696796656762e+05 5.834050071907e+05 7.361829923526e+05 9.343975818603e+05 1.182401721505e+06 1.481526957592e+06 1.829395413109e+06 2.219710673596e+06 2.642611885394e+06 3.085556823064e+06 3.534590073910e+06 3.975783069522e+06 4.396619044285e+06 4.787133437680e+06 5.140687935992e+06 5.454327586174e+06 5.728724320828e+06 5.967739627952e+06 6.177651583662e+06 6.366103477585e+06 6.540857837537e+06 6.708484596758e+06 6.873163362786e+06 7.035812689595e+06 7.193747497569e+06 7.340994287347e+06 7.469268534984e+06 7.569467785268e+06 7.633399502783e+06 7.655386301565e+06 7.633399502783e+06 7.569467785268e+06 7.469268534984e+06 7.340994287347e+06 7.193747497569e+06 7.035812689595e+06 6.873163362786e+06 6.708484596758e+06 6.540857837537e+06 6.366103477585e+06 6.177651583662e+06 5.967739627952e+06 5.728724320828e+06 5.454327586174e+06 5.140687935992e+06 4.787133437680e+06 4.396619044285e+06 3.975783069522e+06 3.534590073910e+06 3.085556823064e+06 2.642611885394e+06 2.219710673596e+06 1.829395413109e+06 1.481526957592e+06 1.182401721505e+06 9.343975818603e+05 7.361829923526e+05 5.834050071907e+05 4.696796656762e+05 3.876678189480e+05 3.300375866099e+05 2.901779351708e+05 2.626105222198e+05 2.431218738724e+05 2.286866764437e+05 2.172699467060e+05 2.075868545456e+05 1.988756009539e+05 1.907125880709e+05 1.828779613188e+05 1.752665139155e+05 1.678333321423e+05 1.605630593935e+05 1.534537148804e+05 1.465087390397e+05 1.397333362701e+05 1.331329031199e+05 1.267124006167e+05 1.204761270231e+05 1.144276506466e+05
1.108529972262e+05 1.167125214522e+05 1.227539726535e+05 1.289738850078e+05 1.353680652433e+05 1.419316171068e+05 1.486590500166e+05 1.555445996433e+05 1.625830549920e+05 1.697717240651e+05 1.771147944811e+05 1.846323885304e+05 1.923781539193e+05 2.004711633187e+05 2.091497266139e+05 2.188553976872e+05 2.303533662168e+05 2.448887553403e+05 2.643659684262e+05 2.915209269241e+05 3.300375866099e+05 3.845473558657e+05 4.604512752805e+05 5.635265008998e+05 6.993214005382e+05 8.723996577676e+05 1.085547725203e+06 1.339093282391e+06 1.630480644115e+06 1.954208552614e+06 2.302165888945e+06 2.664321247672e+06 3.029655673971e+06 3.387191279858e+06 3.726967687956e+06 4.040846838328e+06 4.323070104589e+06 4.570534237315e+06 4.782784160805e+06 4.961739718616e+06 5.111186504371e+06 5.236077193586e+06 5.341714968193e+06 5.432921922379e+06 5.513321019682e+06 5.584864102018e+06 5.647708018677e+06 5.700474675604e+06 5.740841806132e+06 5.766324350210e+06 5.775049663274e+06 5.766324350210e+06 5.740841806132e+06 5.700474675604e+06 5.647708018677e+06 5.584864102018e+06 5.513321019682e+06 5.432921922379e+06 5.341714968193e+06 5.236077193586e+06 5.111186504371e+06 4.961739718616e+06 4.782784160805e+06 4.570534237315e+06 4.323070104589e+06 4.040846838328e+06 3.726967687956e+06 3.387191279858e+06 3.029655673971e+06 2.664321247672e+06 2.302165888945e+06 1.954208552614e+06 1.630480644115e+06 1.339093282391e+06 1.085547725203e+06 8.723996577676e+05 6.993214005381e+05 5.635265008998e+05 4.604512752805e+05 3.845473558657e+05 3.300375866099e+05 2.915209269241e+05 2.643659684262e+05 2.448887553403e+05 2.303533662168e+05 2.188553976872e+05 2.091497266139e+05 2.004711633187e+05 1.923781539193e+05 1.846323885304e+05 1.771147944811e+05 1.697717240651e+05 1.625830549920e+05 1.555445996433e+05 1.486590500166e+05 1.419316171068e+05 1.353680652433e+05 1.289738850078e+05 1.227539726535e+05 1.167125214522e+05 1.108529972262e+05
1.072783240341e+05 1.129488957433e+05 1.187955260541e+05 1.248148563509e+05 1.310028135562e+05 1.373546124313e+05 1.438648011492e+05 1.505274153878e+05 1.573363941688e+05 1.642865932161e+05 1.713760794820e+05 1.786109935312e+05 1.860152023139e+05 1.936482267492e+05 2.016363084960e+05 2.102224370199e+05 2.198407503743e+05 2.312177335070e+05 2.454959998828e+05 2.643659684262e+05 2.901779351708e+05 3.259954938642e+05 3.755462193998e+05 4.430322209002e+05 5.327843583513e+05 6.487776236405e+05 7.940639389260e+05 9.702110712108e+05 1.176851081811e+06 1.411431784211e+06 1.669230829956e+06 1.943642967872e+06 2.226700323560e+06 2.509746724405e+06 2.784168769786e+06 3.042089708380e+06 3.276951597084e+06 3.483937437517e+06 3.660209429329e+06 3.804957605407e+06 3.919265539745e+06 4.005810764085e+06 4.068431413773e+06 4.111608527786e+06 4.139931313008e+06 4.157622525816e+06 4.168194716982e+06 4.174281774436e+06 4.177648122193e+06 4.179331856104e+06 4.179843487132e+06 4.179331856104e+06 4.177648122193e+06 4.174281774436e+06 4.168194716982e+06 4.157622525816e+06 4.139931313008e+06 4.111608527786e+06 4.068431413773e+06 4.005810764085e+06 3.919265539745e+06 3.804957605407e+06 3.660209429329e+06 3.483937437517e+06 3.276951597084e+06 3.042089708380e+06 2.784168769786e+06 2.509746724405e+06 2.226700323560e+06 1.943642967872e+06 1.669230829956e+06 1.411431784211e+06 1.176851081811e+06 9.702110712108e+05 7.940639389260e+05 6.487776236405e+05 5.327843583513e+05 4.430322209002e+05 3.755462193998e+05 3.259954938642e+05 2.901779351708e+05 2.643659684262e+05 2.454959998828e+05 2.312177335070e+05 2.198407503743e+05 2.102224370199e+05 2.016363084960e+05 1.936482267492e+05 1.860152023139e+05 1.786109935312e+05 1.713760794820e+05 1.642865932161e+05 1.573363941688e+05 1.505274153878e+05 1.438648011492e+05 1.373546124313e+05 1.310028135562e+05 1.248148563509e+05 1.187955260541e+05 1.129488957433e+05 1.072783240341e+05
1.037109473308e+05 1.091929525522e+05 1.148451609633e+05 1.206643234194e+05 1.266464948936e+05 1.327870259138e+05 1.390805761040e+05 1.455211818677e+05 1.521024547095e+05 1.588180811839e+05 1.656629806447e+05 1.726358089453e+05 1.797440339450e+05 1.870135785140e+05 1.945059579362e+05 2.023466777964e+05 2.107689004314e+05 2.201752919967e+05 2.312177335070e+05 2.448887553403e+05 2.626105222198e+05 2.862986151525e+05 3.183716715449e+05 3.616777110502e+05 4.193165283129e+05 4.943554183365e+05 5.894599044487e+05 7.064860650641e+05 8.460989747721e+05 1.007486289400e+06 1.188224422296e+06 1.384329393146e+06 1.590491944897e+06 1.800465552751e+06 2.007554011140e+06 2.205136307899e+06 2.387169927245e+06 2.548625463000e+06 2.685820017139e+06 2.796629925554e+06 2.880573177033e+06 2.938759539173e+06 2.973714400357e+06 2.989092608733e+06 2.989310776890e+06 2.979137602559e+06 2.963287317734e+06 2.946057967434e+06 2.931043548839e+06 2.920930790120e+06 2.917373941772e+06 2.920930790120e+06 2.931043548839e+06 2.946057967434e+06 2.963287317734e+06 2.979137602559e+06 2.989310776890e+06 2.989092608733e+06 2.973714400357e+06 2.938759539173e+06 2.880573177033e+06 2.796629925554e+06 2.685820017139e+06 2.548625463000e+06 2.387169927245e+06 2.205136307899e+06 2.007554011140e+06 1.800465552751e+06 1.590491944897e+06 1.384329393146e+06 1.188224422296e+06 1.007486289400e+06 8.460989747721e+05 7.064860650641e+05 5.894599044487e+05 4.943554183365e+05 4.193165283129e+05 3.616777110502e+05 3.183716715449e+05 2.862986151525e+05 2.626105222198e+05 2.448887553403e+05 2.312177335070e+05 2.201752919967e+05 2.107689004314e+05 2.023466777964e+05 1.945059579362e+05 1.870135785140e+05 1.797440339450e+05 1.726358089453e+05 1.656629806447e+05 1.588180811839e+05 1.521024547095e+05 1.455211818677e+05 1.390805761040e+05 1.327870259138e+05 1.266464948936e+05 1.206643234194e+05 1.148451609633e+05 1.091929525522e+05 1.037109473308e+05
1.001579214887e+05 1.054521189574e+05 1.109106882460e+05 1.165304904902e+05 1.223077123280e+05 1.282378524162e+05 1.343157195307e+05 1.405354574020e+05 1.468906329431e+05 1.533744713138e+05 1.599804154025e+05 1.667033613701e+05 1.735422147864e+05 1.805048530025e+05 1.876171555909e+05 1.949383704965e+05 2.025854695322e+05 2.107689004314e+05 2.198407503743e+05 2.303533662168e+05 2.431218738724e+05 2.592784349481e+05 2.803009459438e+05 3.079963463900e+05 3.444209037769e+05 3.917280278428e+05 4.519478051035e+05 5.267188887316e+05 6.170083644780e+05 7.228641656521e+05 8.432442957218e+05 9.759569387226e+05 1.117727874603e+06 1.264391021239e+06 1.411179504694e+06 1.553082329645e+06 1.685227042967e+06 1.803250805398e+06 1.903628373407e+06 1.983932695181e+06 2.043010165053e+06 2.081057716266e+06 2.099593929277e+06 2.101322728124e+06 2.089896877643e+06 2.069598774935e+06 2.044965943436e+06 2.020395635895e+06 1.999765144817e+06 1.986101475217e+06 1.981327268981e+06 1.986101475217e+06 1.999765144817e+06 2.020395635895e+06 2.044965943436e+06 2.069598774935e+06 2.089896877643e+06 2.101322728124e+06 2.099593929277e+06 2.081057716266e+06 2.043010165053e+06 1.983932695181e+06 1.903628373407e+06 1.803250805398e+06 1.685227042967e+06 1.553082329645e+06 1.411179504694e+06 1.264391021239e+06 1.117727874603e+06 9.759569387226e+05 8.432442957218e+05 7.228641656521e+05 6.170083644780e+05 5.267188887316e+05 4.519478051035e+05 3.917280278428e+05 3.444209037769e+05 3.079963463900e+05 2.803009459438e+05 2.592784349481e+05 2.431218738724e+05 2.303533662168e+05 2.198407503743e+05 2.107689004314e+05 2.025854695322e+05 1.949383704965e+05 1.876171555909e+05 1.805048530025e+05 1.735422147864e+05 1.667033613701e+05 1.599804154025e+05 1.533744713138e+05 1.468906329431e+05 1.405354574020e+05 1.343157195307e+05 1.282378524162e+05 1.223077123280e+05 1.165304904902e+05 1.109106882460e+05 1.054521189574e+05 1.001579214887e+05
9.662601882645e+04 1.017335251617e+05 1.069996068460e+05 1.124212352408e+05 1.179947298806e+05 1.237157430490e+05 1.295792509090e+05 1.355795581177e+05 1.417103328099e+05 1.479647109815e+05 1.543355549805e+05 1.608160377401e+05 1.674008757799e+05 1.740887722271e+05 1.808869620893e+05 1.878191387411e+05 1.949383704965e+05 2.023466777964e+05 2.102224370199e+05 2.188553976872e+05 2.286866764437e+05 2.403477856968e+05 2.546892131222e+05 2.727864196612e+05 2.959107379602e+05 3.254556645411e+05 3.628157801635e+05 4.092251314632e+05 4.655722893282e+05 5.322177029745e+05 6.088428289534e+05 6.943583888973e+05 7.868912431519e+05 8.838576389406e+05 9.821178564494e+05 1.078196374129e+06 1.168544517920e+06 1.249819655722e+06 1.319155562838e+06 1.374401137005e+06 1.414307802057e+06 1.438649052677e+06 1.448258928386e+06 1.444980655024e+06 1.431523135516e+06 1.411231620064e+06 1.387788934909e+06 1.364873408334e+06 1.345807064422e+06 1.333231054053e+06 1.328843797225e+06 1.333231054053e+06 1.345807064422e+06 1.364873408334e+06 1.387788934909e+06 1.411231620064e+06 1.431523135516e+06 1.444980655024e+06 1.448258928386e+06 1.438649052677e+06 1.414307802057e+06 1.374401137005e+06 1.319155562838e+06 1.249819655722e+06 1.168544517920e+06 1.078196374129e+06 9.821178564494e+05 8.838576389406e+05 7.868912431519e+05 6.943583888973e+05 6.088428289534e+05 5.322177029745e+05 4.655722893282e+05 4.092251314632e+05 3.628157801635e+05 3.254556645411e+05 2.959107379602e+05 2.727864196612e+05 2.546892131222e+05 2.403477856968e+05 2.286866764437e+05 2.188553976872e+05 2.102224370199e+05 2.023466777964e+05 1.949383704965e+05 1.878191387411e+05 1.808869620893e+05 1.740887722271e+05 1.674008757799e+05 1.608160377401e+05 1.543355549805e+05 1.479647109815e+05 1.417103328099e+05 1.355795581177e+05 1.295792509090e+05 1.237157430490e+05 1.179947298806e+05 1.124212352408e+05 1.069996068460e+05 1.017335251617e+05 9.662601882645e+04
9.312171157375e+04 9.804398546320e+04 1.031190836239e+05 1.083440870594e+05 1.137154481004e+05 1.192289744709e+05 1.248798175750e+05 1.306624681091e+05 1.365707665078e+05 1.425979457412e+05 1.487367451328e+05 1.549796752047e+05 1.613195878647e+05 1.677508277790e+05 1.742714185498e+05 1.808869620893e+05 1.876171555909e+05 1.945059579362e+05 2.016363084960e+05 2.091497266139e+05 2.172699467060e+05 2.263279602232e+05 2.367836786400e+05 2.492374378204e+05 2.644235031810e+05 2.831783979472e+05 3.063797612978e+05 3.348564516839e+05 3.692769084207e+05 4.100289279198e+05 4.571083445307e+05 5.100353021999e+05 5.678143294962e+05 6.289487480731e+05 6.915123490599e+05 7.532734421286e+05 8.118598246004e+05 8.649488314183e+05 9.104645477583e+05 9.467640322556e+05 9.727953298149e+05 9.882116633406e+05 9.934284483951e+05 9.896130706997e+05 9.786022497660e+05 9.627485627132e+05 9.447059822660e+05 9.271730196918e+05 9.126196390185e+05 9.030287880085e+05 8.996838280777e+05 9.030287880085e+05 9.126196390185e+05 9.271730196918e+05 9.447059822660e+05 9.627485627132e+05 9.786022497660e+05 9.896130706997e+05 9.934284483951e+05 9.882116633406e+05 9.727953298149e+05 9.467640322556e+05 9.104645477583e+05 8.649488314183e+05 8.118598246004e+05 7.532734421286e+05 6.915123490599e+05 6.289487480731e+05 5.678143294962e+05 5.100353021999e+05 4.571083445307e+05 4.100289279198e+05 3.692769084207e+05 3.348564516839e+05 3.063797612978e+05 2.831783979472e+05 2.644235031810e+05 2.492374378204e+05 2.367836786400e+05 2.263279602232e+05 2.172699467060e+05 2.091497266139e+05 2.016363084960e+05 1.945059579362e+05 1.876171555909e+05 1.808869620893e+05 1.742714185498e+05 1.677508277790e+05 1.613195878647e+05 1.549796752047e+05 1.487367451328e+05 1.425979457412e+05 1.365707665078e+05 1.306624681091e+05 1.248798175750e+05 1.192289744709e+05 1.137154481004e+05 1.083440870594e+05 1.031190836239e+05 9.804398546320e+04 9.312171157375e+04
8.965115600134e+04 9.438998152339e+04 9.927593567567e+04 1.043062081691e+05 1.094773832705e+05 1.147854240076e+05 1.202256595317e+05 1.257927770353e+05 1.314808214830e+05 1.372832107343e+05 1.431927829690e+05 1.492019120505e+05 1.553027610958e+05 1.614878031813e+05 1.677508277790e+05 1.740887722271e+05 1.805048530025e+05 1.870135785140e+05 1.936482267492e+05 2.004711633187e+05 2.075868545456e+05 2.151565439398e+05 2.234123709344e+05 2.326674436025e+05 2.433174193449e+05 2.558289697509e+05 2.707115092253e+05 2.884709001879e+05 3.095472683185e+05 3.342429184596e+05 3.626497153815e+05 3.945872599805e+05 4.295631213439e+05 4.667641564908e+05 5.050839881485e+05 5.431868414051e+05 5.796031119903e+05 6.128480391778e+05 6.415521210959e+05 6.645904999990e+05 6.811982731972e+05 6.910593264109e+05 6.943577567871e+05 6.917833728968e+05 6.844863588272e+05 6.739810970973e+05 6.620051547156e+05 6.503458737365e+05 6.406527750930e+05 6.342578005192e+05 6.320261751982e+05 6.342578005192e+05 6.406527750930e+05 6.503458737365e+05 6.620051547156e+05 6.739810970973e+05 6.844863588272e+05 6.917833728968e+05 6.943577567871e+05 6.910593264109e+05 6.811982731972e+05 6.645904999990e+05 6.415521210959e+05 6.128480391778e+05 5.796031119903e+05 5.431868414051e+05 5.050839881485e+05 4.667641564908e+05 4.295631213439e+05 3.945872599805e+05 3.626497153815e+05 3.342429184596e+05 3.095472683185e+05 2.884709001879e+05 2.707115092253e+05 2.558289697509e+05 2.433174193449e+05 2.326674436025e+05 2.234123709344e+05 2.151565439398e+05 2.075868545456e+05 2.004711633187e+05 1.936482267492e+05 1.870135785140e+05 1.805048530025e+05 1.740887722271e+05 1.677508277790e+05 1.614878031813e+05 1.553027610958e+05 1.492019120505e+05 1.431927829690e+05 1.372832107343e+05 1.314808214830e+05 1.257927770353e+05 1.202256595317e+05 1.147854240076e+05 1.094773832705e+05 1.043062081691e+05 9.927593567567e+04 9.438998152339e+04 8.965115600134e+04
8.622017873460e+04 9.077764794530e+04 9.547661511712e+04 1.003143774801e+05 1.052876499101e+05 1.103925495550e+05 1.156245831203e+05 1.209786374856e+05 1.264489750697e+05 1.320292371350e+05 1.377124621513e+05 1.434911344009e+05 1.493572933474e+05 1.553027610958e+05 1.613195878647e+05 1.674008757799e+05 1.735422147864e+05 1.797440339450e+05 1.860152023139e+05 1.923781539193e+05 1.988756009539e+05 2.055784926630e+05 2.125942759029e+05 2.200737981821e+05 2.282145403595e+05 2.372575221921e+05 2.474754460567e+05 2.591506013838e+05 2.725427318063e+05 2.878492242550e+05 3.051621656209e+05 3.244284847780e+05 3.454200767174e+05 3.677202280532e+05 3.907308668700e+05 4.137024691046e+05 4.357853735414e+05 4.560983211210e+05 4.738076636856e+05 4.882091193076e+05 4.988032473351e+05 5.053559372303e+05 5.079361050264e+05 5.069244738250e+05 5.029898202829e+05 4.970323886579e+05 4.900981336682e+05 4.832716294415e+05 4.775592063759e+05 4.737763592460e+05 4.724540037161e+05 4.737763592460e+05 4.775592063759e+05 4.832716294415e+05 4.900981336682e+05 4.970323886579e+05 5.029898202829e+05 5.069244738250e+05 5.079361050264e+05 5.053559372303e+05 4.988032473351e+05 4.882091193076e+05 4.738076636856e+05 4.560983211210e+05 4.357853735414e+05 4.137024691046e+05 3.907308668700e+05 3.677202280532e+05 3.454200767174e+05 3.244284847780e+05 3.051621656209e+05 2.878492242550e+05 2.725427318063e+05 2.591506013838e+05 2.474754460567e+05 2.372575221921e+05 2.282145403595e+05 2.200737981821e+05 2.125942759029e+05 2.055784926630e+05 1.988756009539e+05 1.923781539193e+05 1.860152023139e+05 1.797440339450e+05 1.735422147864e+05 1.674008757799e+05 1.613195878647e+05 1.553027610958e+05 1.493572933474e+05 1.434911344009e+05 1.377124621513e+05 1.320292371350e+05 1.264489750697e+05 1.209786374856e+05 1.156245831203e+05 1.103925495550e+05 1.052876499101e+05 1.003143774801e+05 9.547661511712e+04 9.077764794530e+04 8.622017873460e+04
8.283426525385e+04 8.721276015971e+04 9.172719632038e+04 9.637497709330e+04 1.011529463206e+05 1.060573734876e+05 1.110839412874e+05 1.162277359644e+05 1.214832410886e+05 1.268443361084e+05 1.323043025961e+05 1.378558444044e+05 1.434911344009e+05 1.492019120505e+05 1.549796752047e+05 1.608160377401e+05 1.667033613701e+05 1.726358089453e+05 1.786109935312e+05 1.846323885304e+05 1.907125880709e+05 1.968773345551e+05 2.031699493723e+05 2.096554361199e+05 2.164231443206e+05 2.235866035510e+05 2.312791047759e+05 2.396439387615e+05 2.488189484008e+05 2.589161450565e+05 2.699983868724e+05 2.820562384556e+05 2.949888291122e+05 3.085925747838e+05 3.225609426009e+05 3.364971012910e+05 3.499395442429e+05 3.623989010378e+05 3.734024706001e+05 3.825417491276e+05 3.895175252876e+05 3.941770225669e+05 3.965380787093e+05 3.967964380704e+05 3.953138557293e+05 3.925867994417e+05 3.891979373223e+05 3.857550531871e+05 3.828241643134e+05 3.808650002975e+05 3.801772605899e+05 3.808650002975e+05 3.828241643134e+05 3.857550531871e+05 3.891979373223e+05 3.925867994417e+05 3.953138557293e+05 3.967964380704e+05 3.965380787093e+05 3.941770225669e+05 3.895175252876e+05 3.825417491276e+05 3.734024706001e+05 3.623989010378e+05 3.499395442429e+05 3.364971012910e+05 3.225609426009e+05 3.085925747838e+05 2.949888291122e+05 2.820562384556e+05 2.699983868724e+05 2.589161450565e+05 2.488189484008e+05 2.396439387615e+05 2.312791047759e+05 2.235866035510e+05 2.164231443206e+05 2.096554361199e+05 2.031699493723e+05 1.968773345551e+05 1.907125880709e+05 1.846323885304e+05 1.786109935312e+05 1.726358089453e+05 1.667033613701e+05 1.608160377401e+05 1.549796752047e+05 1.492019120505e+05 1.434911344009e+05 1.378558444044e+05 1.323043025961e+05 1.268443361084e+05 1.214832410886e+05 1.162277359644e+05 1.110839412874e+05 1.060573734876e+05 1.011529463206e+05 9.637497709330e+04 9.172719632038e+04 8.721276015971e+04 8.283426525385e+04
7.949855056944e+04 8.370072460439e+04 8.803336557311e+04 9.249398139493e+04 9.707954299434e+04 1.017864700305e+05 1.066106188805e+05 1.115472731266e+05 1.165911368968e+05 1.217363316623e+05 1.269763976850e+05 1.323043025961e+05 1.377124621513e+05 1.431927829690e+05 1.487367451328e+05 1.543355549805e+05 1.599804154025e+05 1.656629806447e+05 1.713760794820e+05 1.771147944811e+05 1.828779613188e+05 1.886700848441e+05 1.945035469560e+05 2.004008085332e+05 2.063961090552e+05 2.125359941311e+05 2.188779228253e+05 2.254862944260e+05 2.324255339786e+05 2.397503824280e+05 2.474941801596e+05 2.556565824087e+05 2.641926407870e+05 2.730053789888e+05 2.819437913998e+05 2.908075960038e+05 2.993591633403e+05 3.073419754424e+05 3.145039258883e+05 3.206229244130e+05 3.255317425778e+05 3.291388991469e+05 3.314426504836e+05 3.325357980169e+05 3.325999983273e+05 3.318894811321e+05 3.307054314580e+05 3.293636177177e+05 3.281589530565e+05 3.273313572318e+05 3.270373686620e+05 3.273313572318e+05 3.281589530565e+05 3.293636177177e+05 3.307054314580e+05 3.318894811321e+05 3.325999983273e+05 3.325357980169e+05 3.314426504836e+05 3.291388991469e+05 3.255317425778e+05 3.206229244130e+05 3.145039258883e+05 3.073419754424e+05 2.993591633403e+05 2.908075960038e+05 2.819437913998e+05 2.730053789888e+05 2.641926407870e+05 2.556565824087e+05 2.474941801596e+05 2.397503824280e+05 2.324255339786e+05 2.254862944260e+05 2.188779228253e+05 2.125359941311e+05 2.063961090552e+05 2.004008085332e+05 1.945035469560e+05 1.886700848441e+05 1.828779613188e+05 1.771147944811e+05 1.713760794820e+05 1.656629806447e+05 1.599804154025e+05 1.543355549805e+05 1.487367451328e+05 1.431927829690e+05 1.377124621513e+05 1.323043025961e+05 1.269763976850e+05 1.217363316623e+05 1.165911368968e+05 1.115472731266e+05 1.066106188805e+05 1.017864700305e+05 9.707954299434e+04 9.249398139493e+04 8.803336557311e+04 8.370072460439e+04 7.949855056944e+04
7.621781204489e+04 8.024657116653e+04 8.440041312459e+04 8.867694867991e+04 9.307327375525e+04 9.758595574443e+04 1.022110219618e+05 1.069439504332e+05 1.117796632593e+05 1.167125228655e+05 1.217363316623e+05 1.268443361084e+05 1.320292371350e+05 1.372832107343e+05 1.425979457412e+05 1.479647109815e+05 1.533744713138e+05 1.588180811839e+05 1.642865932161e+05 1.697717240651e+05 1.752665139155e+05 1.807661919533e+05 1.862692112122e+05 1.917783407619e+05 1.973016089970e+05 2.028527987924e+05 2.084511348648e+05 2.141198121141e+05 2.198831207975e+05 2.257621398606e+05 2.317692727668e+05 2.379022370314e+05 2.441384117237e+05 2.504306137910e+05 2.567053501000e+05 2.628643523803e+05 2.687897705229e+05 2.743528447556e+05 2.794252968310e+05 2.838921783169e+05 2.876645781156e+05 2.906904778483e+05 2.929621721942e+05 2.945190267688e+05 2.954448865155e+05 2.958601104407e+05 2.959089162370e+05 2.957433818334e+05 2.955059756238e+05 2.953127840821e+05 2.952396082548e+05 2.953127840821e+05 2.955059756238e+05 2.957433818334e+05 2.959089162370e+05 2.958601104407e+05 2.954448865155e+05 2.945190267688e+05 2.929621721942e+05 2.906904778483e+05 2.876645781156e+05 2.838921783169e+05 2.794252968310e+05 2.743528447556e+05 2.687897705229e+05 2.628643523803e+05 2.567053501000e+05 2.504306137910e+05 2.441384117237e+05 2.379022370314e+05 2.317692727668e+05 2.257621398606e+05 2.198831207975e+05 2.141198121141e+05 2.084511348648e+05 2.028527987924e+05 1.973016089970e+05 1.917783407619e+05 1.862692112122e+05 1.807661919533e+05 1.752665139155e+05 1.697717240651e+05 1.642865932161e+05 1.588180811839e+05 1.533744713138e+05 1.479647109815e+05 1.425979457412e+05 1.372832107343e+05 1.320292371350e+05 1.268443361084e+05 1.217363316623e+05 1.167125228655e+05 1.117796632593e+05 1.069439504332e+05 1.022110219618e+05 9.758595574443e+04 9.307327375525e+04 8.867694867991e+04 8.440041312459e+04 8.024657116653e+04 7.621781204489e+04
7.299646432736e+04 7.685494784469e+04 8.083322756910e+04 8.492901524221e+04 8.913952952591e+04 9.346148288702e+04 9.789107052479e+04 1.024239615203e+05 1.070552923915e+05 1.117796632593e+05 1.165911368968e+05 1.214832410886e+05 1.264489750697e+05 1.314808214830e+05 1.365707665078e+05 1.417103328099e+05 1.468906329431e+05 1.521024547095e+05 1.573363941688e+05 1.625830549920e+05 1.678333321423e+05 1.730787900652e+05 1.783121272681e+05 1.835276885513e+05 1.887219449779e+05 1.938938170604e+05 1.990446814550e+05 2.041778923862e+05 2.092976820929e+05 2.144073888594e+05 2.195070928253e+05 2.245908988970e+05 2.296442586425e+05 2.346418280730e+05 2.395463788087e+05 2.443091949412e+05 2.488721990896e+05 2.531717859782e+05 2.571440473284e+05 2.607308038339e+05 2.638856704815e+05 2.665793074923e+05 2.688030661590e+05 2.705704196073e+05 2.719158464746e+05 2.728911708634e+05 2.735597080844e+05 2.739888751794e+05 2.742421546712e+05 2.743714150733e+05 2.744105718188e+05 2.743714150733e+05 2.742421546712e+05 2.739888751794e+05 2.735597080844e+05 2.728911708634e+05 2.719158464746e+05 2.705704196073e+05 2.688030661590e+05 2.665793074923e+05 2.638856704815e+05 2.607308038339e+05 2.571440473284e+05 2.531717859782e+05 2.488721990896e+05 2.443091949412e+05 2.395463788086e+05 2.346418280730e+05 2.296442586425e+05 2.245908988970e+05 2.195070928253e+05 2.144073888594e+05 2.092976820929e+05 2.041778923862e+05 1.990446814550e+05 1.938938170604e+05 1.887219449779e+05 1.835276885513e+05 1.783121272681e+05 1.730787900652e+05 1.678333321423e+05 1.625830549920e+05 1.573363941688e+05 1.521024547095e+05 1.468906329431e+05 1.417103328099e+05 1.365707665078e+05 1.314808214830e+05 1.264489750697e+05 1.214832410886e+05 1.165911368968e+05 1.117796632593e+05 1.070552923915e+05 1.024239615203e+05 9.789107052479e+04 9.346148288702e+04 8.913952952591e+04 8.492901524221e+04 8.083322756910e+04 7.685494784469e+04 7.299646432736e+04
6.983855633156e+04 7.353011757308e+04 7.733629250486e+04 8.125489186097e+04 8.528325462652e+04 8.941823548869e+04 9.365619423992e+04 9.799298730005e+04 1.024239615203e+05 1.069439504332e+05 1.115472731266e+05 1.162277359644e+05 1.209786374856e+05 1.257927770353e+05 1.306624681091e+05 1.355795581177e+05 1.405354574020e+05 1.455211818677e+05 1.505274153878e+05 1.555445996433e+05 1.605630593935e+05 1.655731689081e+05 1.705655589360e+05 1.755313519800e+05 1.804623969589e+05 1.853514548125e+05 1.901922691116e+05 1.949794472708e+05 1.997080861055e+05 2.043731057397e+05 2.089683088211e+05 2.134852511770e+05 2.179120817900e+05 2.222325658878e+05 2.264255264699e+05 2.304649136346e+05 2.343206347263e+05 2.379601610818e+05 2.413507896041e+05 2.444623066961e+05 2.472697055079e+05 2.497555658936e+05 2.519117297833e+05 2.537399899014e+05 2.552516425304e+05 2.564659131705e+05 2.574074223314e+05 2.581029936551e+05 2.585781994096e+05 2.588540773731e+05 2.589444342344e+05 2.588540773731e+05 2.585781994096e+05 2.581029936551e+05 2.574074223314e+05 2.564659131705e+05 2.552516425304e+05 2.537399899014e+05 2.519117297833e+05 2.497555658936e+05 2.472697055079e+05 2.444623066961e+05 2.413507896041e+05 2.379601610818e+05 2.343206347263e+05 2.304649136346e+05 2.264255264699e+05 2.222325658878e+05 2.179120817900e+05 2.134852511770e+05 2.089683088211e+05 2.043731057397e+05 1.997080861055e+05 1.949794472708e+05 1.901922691116e+05 1.853514548125e+05 1.804623969589e+05 1.755313519800e+05 1.705655589360e+05 1.655731689081e+05 1.605630593935e+05 1.555445996433e+05 1.505274153878e+05 1.455211818677e+05 1.405354574020e+05 1.355795581177e+05 1.306624681091e+05 1.257927770353e+05 1.209786374856e+05 1.162277359644e+05 1.115472731266e+05 1.069439504332e+05 1.024239615203e+05 9.799298730005e+04 9.365619423992e+04 8.941823548869e+04 8.528325462652e+04 8.125489186097e+04 7.733629250486e+04 7.353011757308e+04 6.983855633156e+04
6.674777021071e+04 7.027595713797e+04 7.391368539399e+04 7.765886260129e+04 8.150894551112e+04 8.546092800951e+04 8.951133098843e+04 9.365619423992e+04 9.789107052479e+04 1.022110219618e+05 1.066106188805e+05 1.110839412874e+05 1.156245831203e+05 1.202256595317e+05 1.248798175750e+05 1.295792509090e+05 1.343157195307e+05 1.390805761040e+05 1.438648011492e+05 1.486590500166e+05 1.534537148804e+05 1.582390044260e+05 1.630050418432e+05 1.677419776254e+05 1.724401073638e+05 1.770899768435e+05 1.816824489834e+05 1.862087022291e+05 1.906601311248e+05 1.950281297244e+05 1.993037582870e+05 2.034773215414e+05 2.075379177121e+05 2.114730438655e+05 2.152683566015e+05 2.189076809047e+05 2.223733313786e+05 2.256467619165e+05 2.287095003935e+05 2.315442662659e+05 2.341361239598e+05 2.364735041246e+05 2.385489336008e+05 2.403593523260e+05 2.419059543972e+05 2.431935601303e+05 2.442295938340e+05 2.450227971854e+05 2.455818429356e+05 2.459140247502e+05 2.460241868050e+05 2.459140247502e+05 2.455818429356e+05 2.450227971854e+05 2.442295938340e+05 2.431935601303e+05 2.419059543972e+05 2.403593523260e+05 2.385489336008e+05 2.364735041246e+05 2.341361239598e+05 2.315442662659e+05 2.287095003935e+05 2.256467619165e+05 2.223733313786e+05 2.189076809047e+05 2.152683566015e+05 2.114730438655e+05 2.075379177121e+05 2.034773215414e+05 1.993037582870e+05 1.950281297244e+05 1.906601311248e+05 1.862087022291e+05 1.816824489834e+05 1.770899768435e+05 1.724401073638e+05 1.677419776254e+05 1.630050418432e+05 1.582390044260e+05 1.534537148804e+05 1.486590500166e+05 1.438648011492e+05 1.390805761040e+05 1.343157195307e+05 1.295792509090e+05 1.248798175750e+05 1.202256595317e+05 1.156245831203e+05 1.110839412874e+05 1.066106188805e+05 1.022110219618e+05 9.789107052479e+04 9.365619423992e+04 8.951133098843e+04 8.546092800951e+04 8.150894551112e+04 7.765886260129e+04 7.391368539399e+04 7.027595713797e+04 6.674777021071e+04
6.372742223684e+04 6.709595810453e+04 7.056907853720e+04 7.414478583778e+04 7.782065183992e+04 8.159380645663e+04 8.546092800951e+04 8.941823548869e+04 9.346148288702e+04 9.758595574443e+04 1.017864700305e+05 1.060573734876e+05 1.103925495550e+05 1.147854240076e+05 1.192289744709e+05 1.237157430490e+05 1.282378524162e+05 1.327870259138e+05 1.373546124313e+05 1.419316171068e+05 1.465087390397e+05 1.510764170927e+05 1.556248842381e+05 1.601442295244e+05 1.646244645083e+05 1.690555880308e+05 1.734276400785e+05 1.777307331133e+05 1.819550489482e+05 1.860907921972e+05 1.901280981933e+05 1.940569036974e+05 1.978668009969e+05 2.015469072697e+05 2.050857878727e+05 2.084714714588e+05 2.116915848969e+05 2.147336175234e+05 2.175853003498e+05 2.202350614372e+05 2.226724993282e+05 2.248888069766e+05 2.268770816545e+05 2.286324715910e+05 2.301521345437e+05 2.314350121423e+05 2.324814511302e+05 2.332927238058e+05 2.338705121124e+05 2.342164221512e+05 2.343315894420e+05 2.342164221512e+05 2.338705121124e+05 2.332927238058e+05 2.324814511302e+05 2.314350121423e+05 2.301521345437e+05 2.286324715910e+05 2.268770816545e+05 2.248888069766e+05 2.226724993282e+05 2.202350614372e+05 2.175853003498e+05 2.147336175234e+05 2.116915848969e+05 2.084714714588e+05 2.050857878727e+05 2.015469072697e+05 1.978668009969e+05 1.940569036974e+05 1.901280981933e+05 1.860907921972e+05 1.819550489482e+05 1.777307331133e+05 1.734276400785e+05 1.690555880308e+05 1.646244645083e+05 1.601442295244e+05 1.556248842381e+05 1.510764170927e+05 1.465087390397e+05 1.419316171068e+05 1.373546124313e+05 1.327870259138e+05 1.282378524162e+05 1.237157430490e+05 1.192289744709e+05 1.147854240076e+05 1.103925495550e+05 1.060573734876e+05 1.017864700305e+05 9.758595574443e+04 9.346148288702e+04 8.941823548869e+04 8.546092800951e+04 8.159380645663e+04 7.782065183992e+04 7.414478583778e+04 7.056907853720e+04 6.709595810453e+04 6.372742223684e+04
6.078046550252e+04 6.399322966140e+04 6.730574206554e+04 7.071609739770e+04 7.422197977755e+04 7.782065183992e+04 8.150894551112e+04 8.528325462652e+04 8.913952952591e+04 9.307327375525e+04 9.707954299434e+04 1.011529463206e+05 1.052876499101e+05 1.094773832705e+05 1.137154481004e+05 1.179947298806e+05 1.223077123280e+05 1.266464948936e+05 1.310028135562e+05 1.353680652433e+05 1.397333362701e+05 1.440894351640e+05 1.484269300611e+05 1.527361904171e+05 1.570074320306e+05 1.612307633242e+05 1.653962296593e+05 1.694938514636e+05 1.735136516063e+05 1.774456682294e+05 1.812799514550e+05 1.850065460288e+05 1.886154664820e+05 1.920966758136e+05 1.954400816704e+05 1.986355642901e+05 2.016730472739e+05 2.045426156594e+05 2.072346768029e+05 2.097401501404e+05 2.120506642196e+05 2.141587354576e+05 2.160579040539e+05 2.177428083174e+05 2.192091881298e+05 2.204538193006e+05 2.214743908621e+05 2.222693450038e+05 2.228377032889e+05 2.231789029314e+05 2.232926639420e+05 2.231789029314e+05 2.228377032889e+05 2.222693450038e+05 2.214743908621e+05 2.204538193006e+05 2.192091881298e+05 2.177428083174e+05 2.160579040539e+05 2.141587354576e+05 2.120506642196e+05 2.097401501404e+05 2.072346768029e+05 2.045426156594e+05 2.016730472739e+05 1.986355642901e+05 1.954400816704e+05 1.920966758136e+05 1.886154664820e+05 1.850065460288e+05 1.812799514550e+05 1.774456682294e+05 1.735136516063e+05 1.694938514636e+05 1.653962296593e+05 1.612307633242e+05 1.570074320306e+05 1.527361904171e+05 1.484269300611e+05 1.440894351640e+05 1.397333362701e+05 1.353680652433e+05 1.310028135562e+05 1.266464948936e+05 1.223077123280e+05 1.179947298806e+05 1.137154481004e+05 1.094773832705e+05 1.052876499101e+05 1.011529463206e+05 9.707954299434e+04 9.307327375525e+04 8.913952952591e+04 8.528325462652e+04 8.150894551112e+04 7.782065183992e+04 7.422197977755e+04 7.071609739770e+04 6.730574206554e+04 6.399322966140e+04 6.078046550252e+04
5.790949434704e+04 6.097050328073e+04 6.412654884169e+04 6.737581571051e+04 7.071609739770e+04 7.414478583778e+04 7.765886260129e+04 8.125489186097e+04 8.492901524221e+04 8.867694867991e+04 9.249398139493e+04 9.637497709330e+04 1.003143774801e+05 1.043062081691e+05 1.083440870594e+05 1.124212352408e+05 1.165304904902e+05 1.206643234194e+05 1.248148563509e+05 1.289738850078e+05 1.331329031199e+05 1.372831300321e+05 1.414155413442e+05 1.455209024695e+05 1.495898047553e+05 1.536127034519e+05 1.575799564055e+05 1.614818619629e+05 1.653086943837e+05 1.690507352214e+05 1.726982997913e+05 1.762417590257e+05 1.796715585642e+05 1.829782385254e+05 1.861524585744e+05 1.891850331791e+05 1.920669809927e+05 1.947895900934e+05 1.973444976696e+05 1.997237793435e+05 2.019200404836e+05 2.039265003549e+05 2.057370602381e+05 2.073463487394e+05 2.087497409424e+05 2.099433520406e+05 2.109240097413e+05 2.116892123449e+05 2.122370805957e+05 2.125663112204e+05 2.126761388490e+05 2.125663112204e+05 2.122370805957e+05 2.116892123449e+05 2.109240097413e+05 2.099433520406e+05 2.087497409424e+05 2.073463487394e+05 2.057370602381e+05 2.039265003549e+05 2.019200404836e+05 1.997237793435e+05 1.973444976696e+05 1.947895900934e+05 1.920669809927e+05 1.891850331791e+05 1.861524585744e+05 1.829782385254e+05 1.796715585642e+05 1.762417590257e+05 1.726982997913e+05 1.690507352214e+05 1.653086943837e+05 1.614818619629e+05 1.575799564055e+05 1.536127034519e+05 1.495898047553e+05 1.455209024695e+05 1.414155413442e+05 1.372831300321e+05 1.331329031199e+05 1.289738850078e+05 1.248148563509e+05 1.206643234194e+05 1.165304904902e+05 1.124212352408e+05 1.083440870594e+05 1.043062081691e+05 1.003143774801e+05 9.637497709330e+04 9.249398139493e+04 8.867694867991e+04 8.492901524221e+04 8.125489186097e+04 7.765886260129e+04 7.414478583778e+04 7.071609739770e+04 6.737581571051e+04 6.412654884169e+04 6.097050328073e+04 5.790949434704e+04
5.511675040193e+04 5.803013908334e+04 6.103398115452e+04 6.412654884169e+04 6.730574206554e+04 7.056907853720e+04 7.391368539399e+04 7.733629250486e+04 8.083322756910e+04 8.440041312459e+04 8.803336557311e+04 9.172719632038e+04 9.547661511712e+04 9.927593567567e+04 1.031190836239e+05 1.069996068460e+05 1.109106882460e+05 1.148451609633e+05 1.187955260541e+05 1.227539726535e+05 1.267124006167e+05 1.306624456309e+05 1.345955067560e+05 1.385027763056e+05 1.423752718923e+05 1.462038703419e+05 1.499793430377e+05 1.536923921111e+05 1.573336868051e+05 1.608938993569e+05 1.643637399166e+05 1.677339903769e+05 1.709955374768e+05 1.741394060755e+05 1.771567939100e+05 1.800391092898e+05 1.827780129197e+05 1.853654643466e+05 1.877937724999e+05 1.900556486484e+05 1.921442591261e+05 1.940532746440e+05 1.957769130888e+05 1.973099734125e+05 1.986478593892e+05 1.997865933715e+05 2.007228214053e+05 2.014538119096e+05 2.019774504717e+05 2.022922331895e+05 2.023972605434e+05 2.022922331895e+05 2.019774504717e+05 2.014538119096e+05 2.007228214053e+05 1.997865933715e+05 1.986478593892e+05 1.973099734125e+05 1.957769130888e+05 1.940532746440e+05 1.921442591261e+05 1.900556486484e+05 1.877937724999e+05 1.853654643466e+05 1.827780129197e+05 1.800391092898e+05 1.771567939100e+05 1.741394060755e+05 1.709955374768e+05 1.677339903769e+05 1.643637399166e+05 1.608938993569e+05 1.573336868051e+05 1.536923921111e+05 1.499793430377e+05 1.462038703419e+05 1.423752718923e+05 1.385027763056e+05 1.345955067560e+05 1.306624456309e+05 1.267124006167e+05 1.227539726535e+05 1.187955260541e+05 1.148451609633e+05 1.109106882460e+05 1.069996068460e+05 1.031190836239e+05 9.927593567567e+04 9.547661511712e+04 9.172719632038e+04 8.803336557311e+04 8.440041312459e+04 8.083322756910e+04 7.733629250486e+04 7.391368539399e+04 7.056907853720e+04 6.730574206554e+04 6.412654884169e+04 6.103398115452e+04 5.803013908334e+04 5.511675040193e+04
5.240413014429e+04 5.517413379124e+04 5.803013908334e+04 6.097050328073e+04 6.399322966140e+04 6.709595810453e+04 7.027595713797e+04 7.353011757308e+04 7.685494784469e+04 8.024657116653e+04 8.370072460439e+04 8.721276015971e+04 9.077764794530e+04 9.438998152339e+04 9.804398546320e+04 1.017335251617e+05 1.054521189574e+05 1.091929525522e+05 1.129488957433e+05 1.167125214522e+05 1.204761270231e+05 1.242317577490e+05 1.279712325616e+05 1.316861717980e+05 1.353680269179e+05 1.390081120017e+05 1.425976368035e+05 1.461277410768e+05 1.495895298491e+05 1.529741093099e+05 1.562726230133e+05 1.594762881893e+05 1.625764320998e+05 1.655645285356e+05 1.684322346863e+05 1.711714286685e+05 1.737742479313e+05 1.762331285521e+05 1.785408451205e+05 1.806905505515e+05 1.826758148555e+05 1.844906617267e+05 1.861296018307e+05 1.875876619068e+05 1.888604091767e+05 1.899439709929e+05 1.908350500568e+05 1.915309357988e+05 1.920295126225e+05 1.923292656626e+05 1.924292845701e+05 1.923292656626e+05 1.920295126225e+05 1.915309357988e+05 1.908350500568e+05 1.899439709929e+05 1.888604091767e+05 1.875876619068e+05 1.861296018307e+05 1.844906617267e+05 1.826758148555e+05 1.806905505515e+05 1.785408451205e+05 1.762331285521e+05 1.737742479313e+05 1.711714286685e+05 1.684322346863e+05 1.655645285356e+05 1.625764320998e+05 1.594762881893e+05 1.562726230133e+05 1.529741093099e+05 1.495895298491e+05 1.461277410768e+05 1.425976368035e+05 1.390081120017e+05 1.353680269179e+05 1.316861717980e+05 1.279712325616e+05 1.242317577490e+05 1.204761270231e+05 1.167125214522e+05 1.129488957433e+05 1.091929525522e+05 1.054521189574e+05 1.017335251617e+05 9.804398546320e+04 9.438998152339e+04 9.077764794530e+04 8.721276015971e+04 8.370072460439e+04 8.024657116653e+04 7.685494784469e+04 7.353011757308e+04 7.027595713797e+04 6.709595810453e+04 6.399322966140e+04 6.097050328073e+04 5.803013908334e+04 5.517413379124e+04 5.240413014429e+04
4.977319384063e+04 5.240413014429e+04 5.511675040193e+04 5.790949434704e+04 6.078046550252e+04 6.372742223684e+04 6.674777021071e+04 6.983855633156e+04 7.299646432736e+04 7.621781204489e+04 7.949855056944e+04 8.283426525385e+04 8.622017873460e+04 8.965115600134e+04 9.312171157375e+04 9.662601882645e+04 1.001579214887e+05 1.037109473308e+05 1.072783240341e+05 1.108529972262e+05 1.144276506466e+05 1.179947283926e+05 1.215464591772e+05 1.250748825122e+05 1.285718767074e+05 1.320291885538e+05 1.354384645312e+05 1.387912833531e+05 1.420791896393e+05 1.452937284931e+05 1.484264807562e+05 1.514690987372e+05 1.544133422374e+05 1.572511147429e+05 1.599744996886e+05 1.625757967149e+05 1.650475578233e+05 1.673826232765e+05 1.695741570028e+05 1.716156811569e+05 1.735011094026e+05 1.752247784327e+05 1.767814772552e+05 1.781664738482e+05 1.793755389092e+05 1.804049665653e+05 1.812515920370e+05 1.819128063373e+05 1.823865681263e+05 1.826714128346e+05 1.827664591388e+05 1.826714128346e+05 1.823865681263e+05 1.819128063373e+05 1.812515920370e+05 1.804049665653e+05 1.793755389092e+05 1.781664738482e+05 1.767814772552e+05 1.752247784327e+05 1.735011094026e+05 1.716156811569e+05 1.695741570028e+05 1.673826232765e+05 1.650475578233e+05 1.625757967149e+05 1.599744996886e+05 1.572511147429e+05 1.544133422374e+05 1.514690987372e+05 1.484264807562e+05 1.452937284931e+05 1.420791896393e+05 1.387912833531e+05 1.354384645312e+05 1.320291885538e+05 1.285718767074e+05 1.250748825122e+05 1.215464591772e+05 1.179947283926e+05 1.144276506466e+05 1.108529972262e+05 1.072783240341e+05 1.037109473308e+05 1.001579214887e+05 9.662601882645e+04 9.312171157375e+04 8.965115600134e+04 8.622017873460e+04 8.283426525385e+04 7.949855056944e+04 7.621781204489e+04 7.299646432736e+04 6.983855633156e+04 6.674777021071e+04 6.372742223684e+04 6.078046550252e+04 5.790949434704e+04 5.511675040193e+04 5.240413014429e+04 4.977319384063e+04

