67 67
-8.2500000000000000e-05 -8.2500000000000000e-05
2.4999999999999998e-06 2.4999999999999998e-06
3.1282662832666625e+04 4.0674778708104175e+04 5.2461213287102873e+04 6.7118633926051509e+04 8.5180372216979129e+04 1.0723278982133520e+05 1.3390824648204111e+05 1.6587414133734620e+05 2.0381760734507308e+05 2.4842560544982404e+05 3.0036039131739002e+05 3.6023060926088988e+05 4.2855859580672096e+05 5.0574483336553257e+05 5.9203086075779458e+05 6.8746229469402437e+05 7.9185391379583313e+05 9.0475897194629884e+05 1.0254450095849528e+06 1.1528783934315122e+06 1.2857196182152147e+06 1.4223310402261084e+06 1.5607981868807510e+06 1.6989651183873732e+06 1.8344835408115406e+06 1.9648745312003065e+06 2.0876008918605868e+06 2.2001473652606560e+06 2.3001052768972572e+06 2.3852576893885909e+06 2.4536608948497809e+06 2.5037180763753257e+06 2.5342412457466582e+06 2.5444981042291480e+06 2.5342412457466582e+06 2.5037180763753261e+06 2.4536608948497814e+06 2.3852576893885909e+06 2.3001052768972577e+06 2.2001473652606574e+06 2.0876008918605873e+06 1.9648745312003065e+06 1.8344835408115415e+06 1.6989651183873743e+06 1.5607981868807520e+06 1.4223310402261091e+06 1.2857196182152154e+06 1.1528783934315129e+06 1.0254450095849539e+06 9.0475897194629908e+05 7.9185391379583313e+05 6.8746229469402542e+05 5.9203086075779516e+05 5.0574483336553269e+05 4.2855859580672177e+05 3.6023060926089034e+05 3.0036039131739055e+05 2.4842560544982422e+05 2.0381760734507308e+05 1.6587414133734655e+05 1.3390824648204132e+05 1.0723278982133520e+05 8.5180372216979435e+04 6.7118633926051756e+04 5.2461213287102939e+04 4.0674778708104175e+04 3.1282662832666625e+04
4.0674778708104175e+04 5.2886726165319080e+04 6.8211847969134920e+04 8.7269923175516407e+04 1.1075440760054477e+05 1.3942770855429937e+05 1.7411204161174028e+05 2.1567518175748043e+05 2.6501056255732535e+05 3.2301139391966019e+05 3.9053876311184192e+05 4.6838405010304024e+05 5.5722641455226531e+05 6.5758657726633560e+05 7.6977859520787548e+05 8.9386178077032173e+05 1.0295953028384243e+06 1.1763982869661138e+06 1.3333183644022371e+06 1.4990115701152449e+06 1.6717362339424016e+06 1.8493630360153399e+06 2.0294027141797864e+06 2.2090520424313797e+06 2.3852576893885927e+06 2.5547964753916608e+06 2.7143694499881575e+06 2.8607061900672349e+06 2.9906748553848607e+06 3.1013929088022769e+06 3.1903330754351988e+06 3.2554191198104494e+06 3.2951063793730363e+06 3.3084426944830134e+06 3.2951063793730368e+06 3.2554191198104504e+06 3.1903330754351998e+06 3.1013929088022769e+06 2.9906748553848611e+06 2.8607061900672363e+06 2.7143694499881580e+06 2.5547964753916608e+06 2.3852576893885941e+06 2.2090520424313811e+06 2.0294027141797876e+06 1.8493630360153406e+06 1.6717362339424025e+06 1.4990115701152461e+06 1.3333183644022385e+06 1.1763982869661143e+06 1.0295953028384243e+06 8.9386178077032301e+05 7.6977859520787618e+05 6.5758657726633572e+05 5.5722641455226648e+05 4.6838405010304088e+05 3.9053876311184256e+05 3.2301139391966042e+05 2.6501056255732535e+05 2.1567518175748087e+05 1.7411204161174051e+05 1.3942770855429937e+05 1.1075440760054515e+05 8.7269923175516713e+04 6.8211847969135022e+04 5.2886726165319080e+04 4.0674778708104175e+04
5.2461213287102873e+04 6.8211847969134920e+04 8.7977769484538963e+04 1.1255835185029919e+05 1.4284799534659155e+05 1.7983003199822552e+05 2.2456493288865819e+05 2.7817193037757091e+05 3.4180335055848572e+05 4.1661123105772189e+05 5.0370617860078381e+05 6.0410889335304149e+05 7.1869533680362871e+05 8.4813712035836431e+05 9.9283930606856954e+05 1.1528783934315124e+06 1.3279437650841838e+06 1.5172862251077322e+06 1.7196774344240094e+06 1.9333839838194950e+06 2.1561595149172014e+06 2.3852576893885918e+06 2.6174679252231265e+06 2.8491746984529411e+06 3.0764399060586686e+06 3.2951063793730354e+06 3.5009192226398704e+06 3.6896603338852581e+06 3.8572903515135916e+06 4.0000914582324992e+06 4.1148040442555058e+06 4.1987502380501274e+06 4.2499377762451088e+06 4.2671385894681970e+06 4.2499377762451097e+06 4.1987502380501293e+06 4.1148040442555072e+06 4.0000914582324992e+06 3.8572903515135921e+06 3.6896603338852604e+06 3.5009192226398722e+06 3.2951063793730354e+06 3.0764399060586700e+06 2.8491746984529435e+06 2.6174679252231279e+06 2.3852576893885927e+06 2.1561595149172028e+06 1.9333839838194968e+06 1.7196774344240113e+06 1.5172862251077327e+06 1.3279437650841838e+06 1.1528783934315140e+06 9.9283930606857047e+05 8.4813712035836442e+05 7.1869533680363011e+05 6.0410889335304243e+05 5.0370617860078468e+05 4.1661123105772224e+05 3.4180335055848572e+05 2.7817193037757149e+05 2.2456493288865846e+05 1.7983003199822552e+05 1.4284799534659204e+05 1.1255835185029960e+05 8.7977769484539080e+04 6.8211847969134920e+04 5.2461213287102873e+04
6.7118633926051509e+04 8.7269923175516407e+04 1.1255835185029919e+05 1.4400663537488575e+05 1.8275906533589939e+05 2.3007371218321248e+05 2.8730733772197401e+05 3.5589188266267668e+05 4.3730162768600689e+05 5.3301048440904438e+05 6.4443935794576351e+05 7.7289412737244123e+05 9.1949549377162242e+05 1.0851027136732894e+06 1.2702340215946492e+06 1.4749872906391050e+06 1.6989651183873715e+06 1.9412089870419085e+06 2.2001473652606532e+06 2.4735625373036051e+06 2.7585805226406809e+06 3.0516876687015239e+06 3.3487763716936796e+06 3.6452209469551877e+06 3.9359830036758026e+06 4.2157438794673616e+06 4.4790598803556329e+06 4.7205343861614233e+06 4.9349994563198304e+06 5.1176985325620798e+06 5.2644612851856789e+06 5.3718616577228447e+06 5.4373507576199947e+06 5.4593573985955399e+06 5.4373507576199947e+06 5.3718616577228466e+06 5.2644612851856798e+06 5.1176985325620798e+06 4.9349994563198313e+06 4.7205343861614261e+06 4.4790598803556338e+06 4.2157438794673616e+06 3.9359830036758040e+06 3.6452209469551896e+06 3.3487763716936815e+06 3.0516876687015248e+06 2.7585805226406823e+06 2.4735625373036074e+06 2.2001473652606551e+06 1.9412089870419092e+06 1.6989651183873715e+06 1.4749872906391069e+06 1.2702340215946506e+06 1.0851027136732894e+06 9.1949549377162417e+05 7.7289412737244216e+05 6.4443935794576467e+05 5.3301048440904485e+05 4.3730162768600689e+05 3.5589188266267744e+05 2.8730733772197441e+05 2.3007371218321248e+05 1.8275906533590006e+05 1.4400663537488627e+05 1.1255835185029935e+05 8.7269923175516407e+04 6.7118633926051509e+04
8.5180372216979129e+04 1.1075440760054477e+05 1.4284799534659155e+05 1.8275906533589939e+05 2.3193983996293371e+05 2.9198693857059366e+05 3.6462222986824106e+05 4.5166299224158912e+05 5.5498023780437559e+05 6.7644451029108849e+05 8.1785908279317222e+05 9.8088124866242823e+05 1.1669332915445622e+06 1.3771056953599474e+06 1.6120561524138236e+06 1.8719088736278121e+06 2.1561595149171995e+06 2.4635916197185074e+06 2.7922107549386085e+06 3.1392024137683688e+06 3.5009192226398662e+06 3.8729019991133371e+06 4.2499377762451032e+06 4.6261560897808094e+06 4.9951627093929406e+06 5.3502077116188221e+06 5.6843824951977171e+06 5.9908382003020588e+06 6.2630161847908497e+06 6.4948798924932303e+06 6.6811367509066481e+06 6.8174387459537657e+06 6.9005510737693198e+06 6.9284797391770165e+06 6.9005510737693198e+06 6.8174387459537685e+06 6.6811367509066490e+06 6.4948798924932303e+06 6.2630161847908506e+06 5.9908382003020616e+06 5.6843824951977190e+06 5.3502077116188221e+06 4.9951627093929434e+06 4.6261560897808122e+06 4.2499377762451051e+06 3.8729019991133385e+06 3.5009192226398690e+06 3.1392024137683711e+06 2.7922107549386113e+06 2.4635916197185079e+06 2.1561595149171995e+06 1.8719088736278147e+06 1.6120561524138253e+06 1.3771056953599474e+06 1.1669332915445645e+06 9.8088124866242940e+05 8.1785908279317361e+05 6.7644451029108907e+05 5.5498023780437559e+05 4.5166299224159011e+05 3.6462222986824147e+05 2.9198693857059366e+05 2.3193983996293452e+05 1.8275906533590006e+05 1.4284799534659172e+05 1.1075440760054477e+05 8.5180372216979129e+04
1.0723278982133520e+05 1.3942770855429937e+05 1.7983003199822552e+05 2.3007371218321248e+05 2.9198693857059366e+05 3.6757968061654462e+05 4.5901958305664582e+05 5.6859440099351236e+05 6.9865953442744631e+05 8.5156979372040590e+05 1.0295953028384231e+06 1.2348224131913427e+06 1.4690416246241040e+06 1.7336257373486969e+06 2.0294027141797857e+06 2.3565289231080827e+06 2.7143694499881561e+06 3.1013929088022751e+06 3.5150885260104593e+06 3.9519131447884366e+06 4.4072751199833481e+06 4.8755608276946051e+06 5.3502077116188267e+06 5.8238254981148327e+06 6.2883645492327800e+06 6.7353274481952535e+06 7.1560170201992933e+06 7.5418112983845742e+06 7.8844536682762532e+06 8.1763447646418633e+06 8.4108218164696209e+06 8.5824111486914270e+06 8.6870404963714853e+06 8.7221996372593082e+06 8.6870404963714853e+06 8.5824111486914288e+06 8.4108218164696209e+06 8.1763447646418633e+06 7.8844536682762550e+06 7.5418112983845770e+06 7.1560170201992951e+06 6.7353274481952535e+06 6.2883645492327828e+06 5.8238254981148364e+06 5.3502077116188304e+06 4.8755608276946070e+06 4.4072751199833509e+06 3.9519131447884403e+06 3.5150885260104630e+06 3.1013929088022760e+06 2.7143694499881561e+06 2.3565289231080860e+06 2.0294027141797876e+06 1.7336257373486969e+06 1.4690416246241068e+06 1.2348224131913444e+06 1.0295953028384248e+06 8.5156979372040660e+05 6.9865953442744631e+05 5.6859440099351364e+05 4.5901958305664640e+05 3.6757968061654462e+05 2.9198693857059471e+05 2.3007371218321333e+05 1.7983003199822578e+05 1.3942770855429937e+05 1.0723278982133520e+05
1.3390824648204111e+05 1.7411204161174028e+05 2.2456493288865819e+05 2.8730733772197401e+05 3.6462222986824106e+05 4.5901958305664582e+05 5.7320626993333711e+05 7.1003915242163138e+05 8.7245956483102229e+05 1.0634081051529725e+06 1.2857196182152135e+06 1.5419994606377040e+06 1.8344835408115399e+06 2.1648861596465833e+06 2.5342412457466573e+06 2.9427440655361186e+06 3.3896017622775557e+06 3.8729019991133385e+06 4.3895094171424061e+06 4.9349994563198341e+06 5.5036382440875042e+06 6.0884156995346220e+06 6.6811367509066490e+06 7.2725727043874329e+06 7.8526714769856185e+06 8.4108218164696153e+06 8.9361630203513894e+06 9.4179283029731531e+06 9.8458071168983765e+06 1.0210309662651064e+07 1.0503115724144451e+07 1.0717389983269200e+07 1.0848047149810705e+07 1.0891952553297343e+07 1.0848047149810707e+07 1.0717389983269203e+07 1.0503115724144453e+07 1.0210309662651064e+07 9.8458071168983784e+06 9.4179283029731568e+06 8.9361630203513931e+06 8.4108218164696153e+06 7.8526714769856213e+06 7.2725727043874385e+06 6.6811367509066537e+06 6.0884156995346239e+06 5.5036382440875070e+06 4.9349994563198388e+06 4.3895094171424108e+06 3.8729019991133399e+06 3.3896017622775557e+06 2.9427440655361228e+06 2.5342412457466600e+06 2.1648861596465837e+06 1.8344835408115434e+06 1.5419994606377061e+06 1.2857196182152159e+06 1.0634081051529734e+06 8.7245956483102229e+05 7.1003915242163290e+05 5.7320626993333793e+05 4.5901958305664582e+05 3.6462222986824228e+05 2.8730733772197500e+05 2.2456493288865846e+05 1.7411204161174028e+05 1.3390824648204111e+05
1.6587414133734620e+05 2.1567518175748043e+05 2.7817193037757091e+05 3.5589188266267668e+05 4.5166299224158912e+05 5.6859440099351236e+05 7.1003915242163138e+05 8.7953608398292819e+05 1.0807286703385308e+06 1.3172594740614437e+06 1.5926400597040984e+06 1.9100977213545495e+06 2.2724021120717046e+06 2.6816767619508919e+06 3.1392024137683697e+06 3.6452209469551896e+06 4.1987502380501246e+06 4.7974214468768574e+06 5.4373507576199975e+06 6.1130574017867260e+06 6.8174387459537666e+06 7.5418112983845687e+06 8.2760237015175577e+06 9.0086442347333133e+06 9.7272212329652850e+06 1.0418610379872479e+07 1.1069358361362204e+07 1.1666128199519603e+07 1.2196148065516483e+07 1.2647662803259781e+07 1.3010366037037842e+07 1.3275790756401788e+07 1.3437637736546878e+07 1.3492024014425531e+07 1.3437637736546880e+07 1.3275790756401790e+07 1.3010366037037846e+07 1.2647662803259781e+07 1.2196148065516487e+07 1.1666128199519608e+07 1.1069358361362206e+07 1.0418610379872479e+07 9.7272212329652905e+06 9.0086442347333189e+06 8.2760237015175624e+06 7.5418112983845714e+06 6.8174387459537722e+06 6.1130574017867316e+06 5.4373507576200021e+06 4.7974214468768584e+06 4.1987502380501246e+06 3.6452209469551947e+06 3.1392024137683730e+06 2.6816767619508924e+06 2.2724021120717092e+06 1.9100977213545521e+06 1.5926400597041014e+06 1.3172594740614449e+06 1.0807286703385308e+06 8.7953608398293017e+05 7.1003915242163232e+05 5.6859440099351236e+05 4.5166299224159075e+05 3.5589188266267796e+05 2.7817193037757126e+05 2.1567518175748043e+05 1.6587414133734620e+05
2.0381760734507308e+05 2.6501056255732535e+05 3.4180335055848572e+05 4.3730162768600689e+05 5.5498023780437559e+05 6.9865953442744631e+05 8.7245956483102229e+05 1.0807286703385308e+06 1.3279437650841840e+06 1.6185806424752534e+06 1.9569541322937889e+06 2.3470297674065954e+06 2.7922107549386118e+06 3.2951063793730349e+06 3.8572903515135907e+06 4.4790598803556394e+06 5.1592081831398485e+06 5.8948245509815961e+06 6.6811367509066528e+06 7.5114102966858102e+06 8.3769178379405793e+06 9.2669895469637904e+06 1.0169151958073435e+07 1.1069358361362213e+07 1.1952308791682666e+07 1.2801852189652003e+07 1.3601457815354250e+07 1.4334737876780935e+07 1.4985999008033093e+07 1.5540797078340614e+07 1.5986468143697450e+07 1.6312608377460435e+07 1.6511477616410164e+07 1.6578304675409600e+07 1.6511477616410168e+07 1.6312608377460441e+07 1.5986468143697452e+07 1.5540797078340614e+07 1.4985999008033095e+07 1.4334737876780942e+07 1.3601457815354252e+07 1.2801852189652003e+07 1.1952308791682672e+07 1.1069358361362219e+07 1.0169151958073441e+07 9.2669895469637942e+06 8.3769178379405858e+06 7.5114102966858158e+06 6.6811367509066593e+06 5.8948245509815980e+06 5.1592081831398485e+06 4.4790598803556459e+06 3.8572903515135944e+06 3.2951063793730349e+06 2.7922107549386173e+06 2.3470297674065987e+06 1.9569541322937927e+06 1.6185806424752546e+06 1.3279437650841840e+06 1.0807286703385331e+06 8.7245956483102345e+05 6.9865953442744631e+05 5.5498023780437757e+05 4.3730162768600846e+05 3.4180335055848619e+05 2.6501056255732535e+05 2.0381760734507308e+05
2.4842560544982404e+05 3.2301139391966019e+05 4.1661123105772189e+05 5.3301048440904438e+05 6.7644451029108849e+05 8.5156979372040590e+05 1.0634081051529725e+06 1.3172594740614437e+06 1.6185806424752534e+06 1.9728269864119764e+06 2.3852576893885885e+06 2.8607061900672321e+06 3.4033205294415052e+06 4.0162810660975589e+06 4.7015059368652357e+06 5.4593573985955445e+06 6.2883645492327772e+06 7.1849796353400769e+06 8.1433859618761595e+06 9.1553751172092874e+06 1.0210309662651060e+07 1.1295184547054397e+07 1.2394796332872979e+07 1.3492024014425531e+07 1.4568219040418431e+07 1.5603695492848363e+07 1.6578304675409589e+07 1.7472072125617132e+07 1.8265869790817551e+07 1.8942092264007486e+07 1.9485303940785203e+07 1.9882823988682456e+07 2.0125218214259781e+07 2.0206671199645184e+07 2.0125218214259781e+07 1.9882823988682460e+07 1.9485303940785207e+07 1.8942092264007486e+07 1.8265869790817551e+07 1.7472072125617139e+07 1.6578304675409593e+07 1.5603695492848363e+07 1.4568219040418439e+07 1.3492024014425540e+07 1.2394796332872987e+07 1.1295184547054403e+07 1.0210309662651068e+07 9.1553751172092929e+06 8.1433859618761679e+06 7.1849796353400797e+06 6.2883645492327772e+06 5.4593573985955510e+06 4.7015059368652394e+06 4.0162810660975599e+06 3.4033205294415117e+06 2.8607061900672363e+06 2.3852576893885927e+06 1.9728269864119780e+06 1.6185806424752534e+06 1.3172594740614465e+06 1.0634081051529739e+06 8.5156979372040590e+05 6.7644451029109082e+05 5.3301048440904636e+05 4.1661123105772241e+05 3.2301139391966019e+05 2.4842560544982404e+05
3.0036039131739002e+05 3.9053876311184192e+05 5.0370617860078381e+05 6.4443935794576351e+05 8.1785908279317222e+05 1.0295953028384231e+06 1.2857196182152135e+06 1.5926400597040984e+06 1.9569541322937889e+06 2.3852576893885885e+06 2.8839093767340053e+06 3.4587530908371685e+06 4.1148040442555007e+06 4.8559074676275142e+06 5.6843824951977171e+06 6.6006671156723443e+06 7.6029829265544312e+06 8.6870404963714760e+06 9.8458071168983690e+06 1.1069358361362200e+07 1.2344832974010866e+07 1.3656507123782068e+07 1.4985999008033076e+07 1.6312608377460416e+07 1.7613788095049329e+07 1.8865736789664123e+07 2.0044093565430284e+07 2.1124708184865333e+07 2.2084453767107997e+07 2.2902044394681070e+07 2.3558817562284704e+07 2.4039441437294409e+07 2.4332509554470383e+07 2.4430990749756310e+07 2.4332509554470386e+07 2.4039441437294416e+07 2.3558817562284708e+07 2.2902044394681070e+07 2.2084453767108005e+07 2.1124708184865341e+07 2.0044093565430287e+07 1.8865736789664123e+07 1.7613788095049337e+07 1.6312608377460429e+07 1.4985999008033084e+07 1.3656507123782074e+07 1.2344832974010874e+07 1.1069358361362210e+07 9.8458071168983802e+06 8.6870404963714778e+06 7.6029829265544312e+06 6.6006671156723546e+06 5.6843824951977227e+06 4.8559074676275151e+06 4.1148040442555086e+06 3.4587530908371727e+06 2.8839093767340104e+06 2.3852576893885909e+06 1.9569541322937889e+06 1.5926400597041019e+06 1.2857196182152154e+06 1.0295953028384231e+06 8.1785908279317524e+05 6.4443935794576583e+05 5.0370617860078451e+05 3.9053876311184192e+05 3.0036039131739002e+05
3.6023060926088988e+05 4.6838405010304024e+05 6.0410889335304149e+05 7.7289412737244123e+05 9.8088124866242823e+05 1.2348224131913427e+06 1.5419994606377040e+06 1.9100977213545495e+06 2.3470297674065954e+06 2.8607061900672321e+06 3.4587530908371685e+06 4.1481792180736260e+06 4.9349994563198360e+06 5.8238254981148308e+06 6.8174387459537713e+06 7.9163644919292787e+06 9.1184698482388612e+06 1.0418610379872480e+07 1.1808351563364601e+07 1.3275790756401790e+07 1.4805503095622016e+07 1.6378630551114457e+07 1.7973127313389186e+07 1.9564166995099537e+07 2.1124708184865352e+07 2.2626205233282443e+07 2.4039441437294427e+07 2.5335452742340207e+07 2.6486502434046697e+07 2.7467061716863129e+07 2.8254748126760155e+07 2.8831173768505719e+07 2.9182658549645469e+07 2.9300769798678648e+07 2.9182658549645476e+07 2.8831173768505722e+07 2.8254748126760159e+07 2.7467061716863129e+07 2.6486502434046704e+07 2.5335452742340218e+07 2.4039441437294431e+07 2.2626205233282443e+07 2.1124708184865363e+07 1.9564166995099552e+07 1.7973127313389193e+07 1.6378630551114464e+07 1.4805503095622024e+07 1.3275790756401801e+07 1.1808351563364612e+07 1.0418610379872486e+07 9.1184698482388612e+06 7.9163644919292899e+06 6.8174387459537769e+06 5.8238254981148317e+06 4.9349994563198462e+06 4.1481792180736316e+06 3.4587530908371741e+06 2.8607061900672349e+06 2.3470297674065954e+06 1.9100977213545535e+06 1.5419994606377061e+06 1.2348224131913427e+06 9.8088124866243161e+05 7.7289412737244391e+05 6.0410889335304231e+05 4.6838405010304024e+05 3.6023060926088988e+05
4.2855859580672096e+05 5.5722641455226531e+05 7.1869533680362871e+05 9.1949549377162242e+05 1.1669332915445622e+06 1.4690416246241040e+06 1.8344835408115399e+06 2.2724021120717046e+06 2.7922107549386118e+06 3.4033205294415052e+06 4.1148040442555007e+06 4.9349994563198360e+06 5.8710625442038979e+06 6.9284797391770193e+06 8.1105600158711597e+06 9.4179283029731531e+06 1.0848047149810707e+07 1.2394796332872983e+07 1.4048141481288210e+07 1.5793922277900940e+07 1.7613788095049333e+07 1.9485303940785203e+07 2.1382242390465718e+07 2.3275068025870681e+07 2.5131610262402929e+07 2.6917908955892183e+07 2.8599205624093860e+07 3.0141042355235737e+07 3.1510421377728067e+07 3.2676971633441377e+07 3.3614065187079482e+07 3.4299826355793938e+07 3.4717980228286192e+07 3.4858494636927061e+07 3.4717980228286192e+07 3.4299826355793938e+07 3.3614065187079489e+07 3.2676971633441377e+07 3.1510421377728071e+07 3.0141042355235752e+07 2.8599205624093868e+07 2.6917908955892183e+07 2.5131610262402944e+07 2.3275068025870699e+07 2.1382242390465729e+07 1.9485303940785211e+07 1.7613788095049344e+07 1.5793922277900955e+07 1.4048141481288221e+07 1.2394796332872987e+07 1.0848047149810707e+07 9.4179283029731661e+06 8.1105600158711681e+06 6.9284797391770203e+06 5.8710625442039091e+06 4.9349994563198434e+06 4.1148040442555081e+06 3.4033205294415080e+06 2.7922107549386118e+06 2.2724021120717092e+06 1.8344835408115422e+06 1.4690416246241040e+06 1.1669332915445664e+06 9.1949549377162568e+05 7.1869533680362965e+05 5.5722641455226531e+05 4.2855859580672096e+05
5.0574483336553257e+05 6.5758657726633560e+05 8.4813712035836431e+05 1.0851027136732894e+06 1.3771056953599474e+06 1.7336257373486969e+06 2.1648861596465833e+06 2.6816767619508919e+06 3.2951063793730349e+06 4.0162810660975589e+06 4.8559074676275142e+06 5.8238254981148308e+06 6.9284797391770193e+06 8.1763447646418605e+06 9.5713255173578355e+06 1.1114159479801506e+07 1.2801852189651998e+07 1.4627181130665476e+07 1.6578304675409589e+07 1.8638512139953945e+07 2.0786147827225134e+07 2.2994736054841772e+07 2.5233325665516656e+07 2.7467061716863126e+07 2.9657979489224255e+07 3.1766002391854882e+07 3.3750111709968224e+07 3.5569643433979847e+07 3.7185656675391957e+07 3.8562310347634077e+07 3.9668180648148030e+07 4.0477451938920274e+07 4.0970918089486346e+07 4.1136740072475083e+07 4.0970918089486353e+07 4.0477451938920282e+07 3.9668180648148037e+07 3.8562310347634077e+07 3.7185656675391957e+07 3.5569643433979869e+07 3.3750111709968232e+07 3.1766002391854882e+07 2.9657979489224274e+07 2.7467061716863140e+07 2.5233325665516671e+07 2.2994736054841779e+07 2.0786147827225149e+07 1.8638512139953960e+07 1.6578304675409606e+07 1.4627181130665479e+07 1.2801852189651998e+07 1.1114159479801524e+07 9.5713255173578449e+06 8.1763447646418624e+06 6.9284797391770333e+06 5.8238254981148383e+06 4.8559074676275225e+06 4.0162810660975627e+06 3.2951063793730349e+06 2.6816767619508975e+06 2.1648861596465860e+06 1.7336257373486969e+06 1.3771056953599520e+06 1.0851027136732934e+06 8.4813712035836559e+05 6.5758657726633560e+05 5.0574483336553257e+05
5.9203086075779458e+05 7.6977859520787548e+05 9.9283930606856954e+05 1.2702340215946492e+06 1.6120561524138236e+06 2.0294027141797857e+06 2.5342412457466573e+06 3.1392024137683697e+06 3.8572903515135907e+06 4.7015059368652357e+06 5.6843824951977171e+06 6.8174387459537713e+06 8.1105600158711597e+06 9.5713255173578355e+06 1.1204306422521304e+07 1.3010366037037846e+07 1.4985999008033087e+07 1.7122750572894394e+07 1.9406758783028252e+07 2.1818461914936021e+07 2.4332509554470390e+07 2.6917908955892179e+07 2.9538428329806227e+07 3.2153266069984499e+07 3.4717980228286192e+07 3.7185656675391957e+07 3.9508278420478985e+07 4.1638243694813572e+07 4.3529967835508280e+07 4.5141494844334520e+07 4.6436039647774085e+07 4.7383382155801602e+07 4.7961039445803642e+07 4.8155152612848945e+07 4.7961039445803650e+07 4.7383382155801609e+07 4.6436039647774093e+07 4.5141494844334520e+07 4.3529967835508287e+07 4.1638243694813594e+07 3.9508278420478992e+07 3.7185656675391957e+07 3.4717980228286207e+07 3.2153266069984518e+07 2.9538428329806242e+07 2.6917908955892190e+07 2.4332509554470409e+07 2.1818461914936040e+07 1.9406758783028271e+07 1.7122750572894398e+07 1.4985999008033087e+07 1.3010366037037862e+07 1.1204306422521314e+07 9.5713255173578374e+06 8.1105600158711765e+06 6.8174387459537797e+06 5.6843824951977273e+06 4.7015059368652394e+06 3.8572903515135907e+06 3.1392024137683762e+06 2.5342412457466605e+06 2.0294027141797857e+06 1.6120561524138295e+06 1.2702340215946536e+06 9.9283930606857082e+05 7.6977859520787548e+05 5.9203086075779458e+05
6.8746229469402437e+05 8.9386178077032173e+05 1.1528783934315124e+06 1.4749872906391050e+06 1.8719088736278121e+06 2.3565289231080827e+06 2.9427440655361186e+06 3.6452209469551896e+06 4.4790598803556394e+06 5.4593573985955445e+06 6.6006671156723443e+06 7.9163644919292787e+06 9.4179283029731531e+06 1.1114159479801506e+07 1.3010366037037846e+07 1.5107550439486917e+07 1.7401642294724181e+07 1.9882823988682456e+07 2.2534999118926194e+07 2.5335452742340203e+07 2.8254748126760144e+07 3.1256896702135026e+07 3.4299826355793931e+07 3.7336158534178309e+07 4.0314287542932220e+07 4.3179737007371120e+07 4.5876749917373799e+07 4.8350051415944986e+07 5.0546708895971365e+07 5.2418003331587493e+07 5.3921220140281640e+07 5.5021267954674594e+07 5.5692039754683860e+07 5.5917442672154203e+07 5.5692039754683860e+07 5.5021267954674609e+07 5.3921220140281655e+07 5.2418003331587493e+07 5.0546708895971380e+07 4.8350051415945016e+07 4.5876749917373814e+07 4.3179737007371120e+07 4.0314287542932235e+07 3.7336158534178331e+07 3.4299826355793945e+07 3.1256896702135038e+07 2.8254748126760159e+07 2.5335452742340222e+07 2.2534999118926216e+07 1.9882823988682464e+07 1.7401642294724181e+07 1.5107550439486939e+07 1.3010366037037857e+07 1.1114159479801510e+07 9.4179283029731717e+06 7.9163644919292899e+06 6.6006671156723555e+06 5.4593573985955482e+06 4.4790598803556394e+06 3.6452209469551975e+06 2.9427440655361228e+06 2.3565289231080827e+06 1.8719088736278187e+06 1.4749872906391101e+06 1.1528783934315140e+06 8.9386178077032173e+05 6.8746229469402437e+05
7.9185391379583313e+05 1.0295953028384243e+06 1.3279437650841838e+06 1.6989651183873715e+06 2.1561595149171995e+06 2.7143694499881561e+06 3.3896017622775557e+06 4.1987502380501246e+06 5.1592081831398485e+06 6.2883645492327772e+06 7.6029829265544312e+06 9.1184698482388612e+06 1.0848047149810707e+07 1.2801852189651998e+07 1.4985999008033087e+07 1.7401642294724181e+07 2.0044093565430298e+07 2.2902044394681089e+07 2.5956954130334597e+07 2.9182658549645465e+07 3.2545250932559948e+07 3.6003277820078574e+07 3.9508278420478985e+07 4.3005679714477248e+07 4.6436039647774085e+07 4.9736609570972592e+07 5.2843165733873196e+07 5.5692039754683860e+07 5.8222261173739240e+07 6.0377712947812907e+07 6.2109194255857505e+07 6.3376285082383946e+07 6.4148914038474709e+07 6.4408544542951077e+07 6.4148914038474724e+07 6.3376285082383953e+07 6.2109194255857527e+07 6.0377712947812907e+07 5.8222261173739247e+07 5.5692039754683882e+07 5.2843165733873203e+07 4.9736609570972592e+07 4.6436039647774115e+07 4.3005679714477278e+07 3.9508278420479007e+07 3.6003277820078582e+07 3.2545250932559971e+07 2.9182658549645487e+07 2.5956954130334623e+07 2.2902044394681096e+07 2.0044093565430298e+07 1.7401642294724204e+07 1.4985999008033101e+07 1.2801852189652000e+07 1.0848047149810728e+07 9.1184698482388742e+06 7.6029829265544452e+06 6.2883645492327828e+06 5.1592081831398485e+06 4.1987502380501330e+06 3.3896017622775598e+06 2.7143694499881561e+06 2.1561595149172074e+06 1.6989651183873776e+06 1.3279437650841854e+06 1.0295953028384243e+06 7.9185391379583313e+05
9.0475897194629884e+05 1.1763982869661138e+06 1.5172862251077322e+06 1.9412089870419085e+06 2.4635916197185074e+06 3.1013929088022751e+06 3.8729019991133385e+06 4.7974214468768574e+06 5.8948245509815961e+06 7.1849796353400769e+06 8.6870404963714760e+06 1.0418610379872480e+07 1.2394796332872983e+07 1.4627181130665476e+07 1.7122750572894394e+07 1.9882823988682456e+07 2.2902044394681089e+07 2.6167490974026669e+07 2.9657979489224251e+07 3.3343615139148962e+07 3.7185656675391950e+07 4.1136740072475068e+07 4.5141494844334520e+07 4.9137566776432574e+07 5.3057038376664698e+07 5.6828214092947014e+07 6.0377712947812892e+07 6.3632788518403254e+07 6.6523776982332587e+07 6.8986559949259415e+07 7.0964921388052002e+07 7.2412678068416432e+07 7.3295470926833585e+07 7.3592120377222613e+07 7.3295470926833585e+07 7.2412678068416461e+07 7.0964921388052016e+07 6.8986559949259415e+07 6.6523776982332610e+07 6.3632788518403284e+07 6.0377712947812915e+07 5.6828214092947014e+07 5.3057038376664720e+07 4.9137566776432611e+07 4.5141494844334543e+07 4.1136740072475083e+07 3.7185656675391972e+07 3.3343615139148988e+07 2.9657979489224277e+07 2.6167490974026676e+07 2.2902044394681089e+07 1.9882823988682482e+07 1.7122750572894409e+07 1.4627181130665476e+07 1.2394796332873007e+07 1.0418610379872495e+07 8.6870404963714890e+06 7.1849796353400825e+06 5.8948245509815961e+06 4.7974214468768667e+06 3.8729019991133441e+06 3.1013929088022751e+06 2.4635916197185158e+06 1.9412089870419153e+06 1.5172862251077343e+06 1.1763982869661138e+06 9.0475897194629884e+05
1.0254450095849528e+06 1.3333183644022371e+06 1.7196774344240094e+06 2.2001473652606532e+06 2.7922107549386085e+06 3.5150885260104593e+06 4.3895094171424061e+06 5.4373507576199975e+06 6.6811367509066528e+06 8.1433859618761595e+06 9.8458071168983690e+06 1.1808351563364601e+07 1.4048141481288210e+07 1.6578304675409589e+07 1.9406758783028252e+07 2.2534999118926194e+07 2.5956954130334597e+07 2.9657979489224251e+07 3.3614065187079467e+07 3.7791328747377180e+07 4.2145861216376357e+07 4.6623980668761663e+07 5.1162930734745145e+07 5.5692039754683845e+07 6.0134330704307660e+07 6.4408544542951055e+07 6.8431511985230014e+07 7.2120782943774194e+07 7.5397401120576277e+07 7.8188695356314272e+07 8.0430950948652923e+07 8.2071824274041846e+07 8.3072373104426742e+07 8.3408592703159392e+07 8.3072373104426742e+07 8.2071824274041876e+07 8.0430950948652953e+07 7.8188695356314272e+07 7.5397401120576292e+07 7.2120782943774238e+07 6.8431511985230029e+07 6.4408544542951055e+07 6.0134330704307683e+07 5.5692039754683882e+07 5.1162930734745175e+07 4.6623980668761685e+07 4.2145861216376387e+07 3.7791328747377209e+07 3.3614065187079504e+07 2.9657979489224255e+07 2.5956954130334597e+07 2.2534999118926227e+07 1.9406758783028271e+07 1.6578304675409593e+07 1.4048141481288236e+07 1.1808351563364616e+07 9.8458071168983877e+06 8.1433859618761670e+06 6.6811367509066528e+06 5.4373507576200087e+06 4.3895094171424117e+06 3.5150885260104593e+06 2.7922107549386183e+06 2.2001473652606606e+06 1.7196774344240120e+06 1.3333183644022371e+06 1.0254450095849528e+06
1.1528783934315122e+06 1.4990115701152449e+06 1.9333839838194950e+06 2.4735625373036051e+06 3.1392024137683688e+06 3.9519131447884366e+06 4.9349994563198341e+06 6.1130574017867260e+06 7.5114102966858102e+06 9.1553751172092874e+06 1.1069358361362200e+07 1.3275790756401790e+07 1.5793922277900940e+07 1.8638512139953945e+07 2.1818461914936021e+07 2.5335452742340203e+07 2.9182658549645465e+07 3.3343615139148962e+07 3.7791328747377180e+07 4.2487706278421231e+07 4.7383382155801594e+07 5.2418003331587486e+07 5.7521014620369196e+07 6.2612961903526299e+07 6.7607302121955499e+07 7.2412678068416432e+07 7.6935584902356803e+07 8.1083326356909767e+07 8.4767134132315502e+07 8.7905306129851237e+07 9.0426209738328993e+07 9.2270996524082318e+07 9.3395884857773453e+07 9.3773886902938187e+07 9.3395884857773453e+07 9.2270996524082333e+07 9.0426209738329023e+07 8.7905306129851237e+07 8.4767134132315531e+07 8.1083326356909797e+07 7.6935584902356833e+07 7.2412678068416432e+07 6.7607302121955514e+07 6.2612961903526343e+07 5.7521014620369233e+07 5.2418003331587508e+07 4.7383382155801624e+07 4.2487706278421260e+07 3.7791328747377217e+07 3.3343615139148973e+07 2.9182658549645465e+07 2.5335452742340241e+07 2.1818461914936043e+07 1.8638512139953945e+07 1.5793922277900971e+07 1.3275790756401811e+07 1.1069358361362219e+07 9.1553751172092929e+06 7.5114102966858102e+06 6.1130574017867390e+06 4.9349994563198406e+06 3.9519131447884366e+06 3.1392024137683799e+06 2.4735625373036140e+06 1.9333839838194975e+06 1.4990115701152449e+06 1.1528783934315122e+06
1.2857196182152147e+06 1.6717362339424016e+06 2.1561595149172014e+06 2.7585805226406809e+06 3.5009192226398662e+06 4.4072751199833481e+06 5.5036382440875042e+06 6.8174387459537666e+06 8.3769178379405793e+06 1.0210309662651060e+07 1.2344832974010866e+07 1.4805503095622016e+07 1.7613788095049333e+07 2.0786147827225134e+07 2.4332509554470390e+07 2.8254748126760144e+07 3.2545250932559948e+07 3.7185656675391950e+07 4.2145861216376357e+07 4.7383382155801594e+07 5.2843165733873181e+07 5.8457904680209599e+07 6.4148914038474686e+07 6.9827584533275366e+07 7.5397401120576292e+07 8.0756479894595653e+07 8.5800541853678793e+07 9.0426209738328978e+07 9.4534486858932585e+07 9.8034256934903756e+07 1.0084563343698399e+08 1.0290298707929435e+08 1.0415749146342392e+08 1.0457904906044611e+08 1.0415749146342395e+08 1.0290298707929437e+08 1.0084563343698402e+08 9.8034256934903756e+07 9.4534486858932599e+07 9.0426209738329023e+07 8.5800541853678823e+07 8.0756479894595653e+07 7.5397401120576322e+07 6.9827584533275411e+07 6.4148914038474724e+07 5.8457904680209622e+07 5.2843165733873218e+07 4.7383382155801639e+07 4.2145861216376401e+07 3.7185656675391957e+07 3.2545250932559948e+07 2.8254748126760181e+07 2.4332509554470412e+07 2.0786147827225138e+07 1.7613788095049370e+07 1.4805503095622035e+07 1.2344832974010887e+07 1.0210309662651071e+07 8.3769178379405793e+06 6.8174387459537825e+06 5.5036382440875107e+06 4.4072751199833481e+06 3.5009192226398792e+06 2.7585805226406907e+06 2.1561595149172046e+06 1.6717362339424016e+06 1.2857196182152147e+06
1.4223310402261084e+06 1.8493630360153399e+06 2.3852576893885918e+06 3.0516876687015239e+06 3.8729019991133371e+06 4.8755608276946051e+06 6.0884156995346220e+06 7.5418112983845687e+06 9.2669895469637904e+06 1.1295184547054397e+07 1.3656507123782068e+07 1.6378630551114457e+07 1.9485303940785203e+07 2.2994736054841772e+07 2.6917908955892179e+07 3.1256896702135026e+07 3.6003277820078574e+07 4.1136740072475068e+07 4.6623980668761663e+07 5.2418003331587486e+07 5.8457904680209599e+07 6.4669225852415562e+07 7.0964921388051987e+07 7.7246967020351887e+07 8.3408592703159407e+07 8.9337089071508899e+07 9.4917097178709447e+07 1.0003425563293606e+08 1.0457904906044611e+08 1.0845067981273898e+08 1.1156077318614638e+08 1.1383672659365706e+08 1.1522452569104052e+08 1.1569087500001357e+08 1.1522452569104052e+08 1.1383672659365709e+08 1.1156077318614642e+08 1.0845067981273898e+08 1.0457904906044614e+08 1.0003425563293611e+08 9.4917097178709477e+07 8.9337089071508899e+07 8.3408592703159437e+07 7.7246967020351931e+07 7.0964921388052031e+07 6.4669225852415584e+07 5.8457904680209637e+07 5.2418003331587531e+07 4.6623980668761715e+07 4.1136740072475083e+07 3.6003277820078574e+07 3.1256896702135071e+07 2.6917908955892202e+07 2.2994736054841775e+07 1.9485303940785240e+07 1.6378630551114479e+07 1.3656507123782095e+07 1.1295184547054408e+07 9.2669895469637904e+06 7.5418112983845845e+06 6.0884156995346304e+06 4.8755608276946051e+06 3.8729019991133506e+06 3.0516876687015346e+06 2.3852576893885951e+06 1.8493630360153399e+06 1.4223310402261084e+06
1.5607981868807510e+06 2.0294027141797864e+06 2.6174679252231265e+06 3.3487763716936796e+06 4.2499377762451032e+06 5.3502077116188267e+06 6.6811367509066490e+06 8.2760237015175577e+06 1.0169151958073435e+07 1.2394796332872979e+07 1.4985999008033076e+07 1.7973127313389186e+07 2.1382242390465718e+07 2.5233325665516656e+07 2.9538428329806227e+07 3.4299826355793931e+07 3.9508278420478985e+07 4.5141494844334520e+07 5.1162930734745145e+07 5.7521014620369196e+07 6.4148914038474686e+07 7.0964921388051987e+07 7.7873517136347324e+07 8.4767134132315502e+07 9.1528608024100229e+07 9.8034256934903756e+07 1.0415749146342392e+08 1.0977281687744901e+08 1.1476005623368044e+08 1.1900859900434925e+08 1.2242146700832140e+08 1.2491898963238156e+08 1.2644189411361012e+08 1.2695364358353840e+08 1.2644189411361012e+08 1.2491898963238160e+08 1.2242146700832142e+08 1.1900859900434925e+08 1.1476005623368046e+08 1.0977281687744905e+08 1.0415749146342395e+08 9.8034256934903756e+07 9.1528608024100289e+07 8.4767134132315561e+07 7.7873517136347368e+07 7.0964921388052016e+07 6.4148914038474731e+07 5.7521014620369256e+07 5.1162930734745190e+07 4.5141494844334528e+07 3.9508278420478985e+07 3.4299826355793983e+07 2.9538428329806253e+07 2.5233325665516663e+07 2.1382242390465762e+07 1.7973127313389208e+07 1.4985999008033101e+07 1.2394796332872992e+07 1.0169151958073435e+07 8.2760237015175764e+06 6.6811367509066584e+06 5.3502077116188267e+06 4.2499377762451181e+06 3.3487763716936917e+06 2.6174679252231303e+06 2.0294027141797864e+06 1.5607981868807510e+06
1.6989651183873732e+06 2.2090520424313797e+06 2.8491746984529411e+06 3.6452209469551877e+06 4.6261560897808094e+06 5.8238254981148327e+06 7.2725727043874329e+06 9.0086442347333133e+06 1.1069358361362213e+07 1.3492024014425531e+07 1.6312608377460416e+07 1.9564166995099537e+07 2.3275068025870681e+07 2.7467061716863126e+07 3.2153266069984499e+07 3.7336158534178309e+07 4.3005679714477248e+07 4.9137566776432574e+07 5.5692039754683845e+07 6.2612961903526299e+07 6.9827584533275366e+07 7.7246967020351887e+07 8.4767134132315502e+07 9.2270996524082318e+07 9.9631018074329585e+07 1.0671256818428908e+08 1.1337785134716332e+08 1.1949026362891315e+08 1.2491898963238157e+08 1.2954362722615564e+08 1.3325861340511642e+08 1.3597722485426322e+08 1.3763494179293671e+08 1.3819199299024683e+08 1.3763494179293671e+08 1.3597722485426322e+08 1.3325861340511647e+08 1.2954362722615564e+08 1.2491898963238160e+08 1.1949026362891319e+08 1.1337785134716336e+08 1.0671256818428908e+08 9.9631018074329630e+07 9.2270996524082378e+07 8.4767134132315561e+07 7.7246967020351902e+07 6.9827584533275411e+07 6.2612961903526351e+07 5.5692039754683904e+07 4.9137566776432589e+07 4.3005679714477248e+07 3.7336158534178361e+07 3.2153266069984529e+07 2.7467061716863129e+07 2.3275068025870726e+07 1.9564166995099567e+07 1.6312608377460446e+07 1.3492024014425544e+07 1.1069358361362213e+07 9.0086442347333319e+06 7.2725727043874431e+06 5.8238254981148327e+06 4.6261560897808252e+06 3.6452209469552008e+06 2.8491746984529453e+06 2.2090520424313797e+06 1.6989651183873732e+06
1.8344835408115406e+06 2.3852576893885927e+06 3.0764399060586686e+06 3.9359830036758026e+06 4.9951627093929406e+06 6.2883645492327800e+06 7.8526714769856185e+06 9.7272212329652850e+06 1.1952308791682666e+07 1.4568219040418431e+07 1.7613788095049329e+07 2.1124708184865352e+07 2.5131610262402929e+07 2.9657979489224255e+07 3.4717980228286192e+07 4.0314287542932220e+07 4.6436039647774085e+07 5.3057038376664698e+07 6.0134330704307660e+07 6.7607302121955499e+07 7.5397401120576292e+07 8.3408592703159407e+07 9.1528608024100229e+07 9.9631018074329585e+07 1.0757811377854423e+08 1.1522452569104053e+08 1.2242146700832140e+08 1.2902143754577872e+08 1.3488318737993145e+08 1.3987671047006381e+08 1.4388802354876590e+08 1.4682348579183736e+08 1.4861343098047522e+08 1.4921491552056086e+08 1.4861343098047525e+08 1.4682348579183739e+08 1.4388802354876593e+08 1.3987671047006381e+08 1.3488318737993148e+08 1.2902143754577878e+08 1.2242146700832142e+08 1.1522452569104053e+08 1.0757811377854428e+08 9.9631018074329644e+07 9.1528608024100289e+07 8.3408592703159437e+07 7.5397401120576352e+07 6.7607302121955559e+07 6.0134330704307720e+07 5.3057038376664713e+07 4.6436039647774085e+07 4.0314287542932272e+07 3.4717980228286222e+07 2.9657979489224263e+07 2.5131610262402982e+07 2.1124708184865382e+07 1.7613788095049359e+07 1.4568219040418446e+07 1.1952308791682666e+07 9.7272212329653073e+06 7.8526714769856287e+06 6.2883645492327800e+06 4.9951627093929583e+06 3.9359830036758166e+06 3.0764399060586728e+06 2.3852576893885927e+06 1.8344835408115406e+06
1.9648745312003065e+06 2.5547964753916608e+06 3.2951063793730354e+06 4.2157438794673616e+06 5.3502077116188221e+06 6.7353274481952535e+06 8.4108218164696153e+06 1.0418610379872479e+07 1.2801852189652003e+07 1.5603695492848363e+07 1.8865736789664123e+07 2.2626205233282443e+07 2.6917908955892183e+07 3.1766002391854882e+07 3.7185656675391957e+07 4.3179737007371120e+07 4.9736609570972592e+07 5.6828214092947014e+07 6.4408544542951055e+07 7.2412678068416432e+07 8.0756479894595653e+07 8.9337089071508899e+07 9.8034256934903756e+07 1.0671256818428908e+08 1.1522452569104053e+08 1.2341442747412446e+08 1.3112291129655910e+08 1.3819199299024680e+08 1.4447038290280998e+08 1.4981883445469540e+08 1.5411526270257473e+08 1.5725937104173139e+08 1.5917654153421956e+08 1.5982077825122067e+08 1.5917654153421959e+08 1.5725937104173145e+08 1.5411526270257476e+08 1.4981883445469540e+08 1.4447038290281001e+08 1.3819199299024686e+08 1.3112291129655914e+08 1.2341442747412446e+08 1.1522452569104058e+08 1.0671256818428916e+08 9.8034256934903815e+07 8.9337089071508929e+07 8.0756479894595698e+07 7.2412678068416506e+07 6.4408544542951129e+07 5.6828214092947021e+07 4.9736609570972592e+07 4.3179737007371187e+07 3.7185656675391987e+07 3.1766002391854886e+07 2.6917908955892235e+07 2.2626205233282473e+07 1.8865736789664157e+07 1.5603695492848378e+07 1.2801852189652003e+07 1.0418610379872499e+07 8.4108218164696284e+06 6.7353274481952535e+06 5.3502077116188416e+06 4.2157438794673774e+06 3.2951063793730396e+06 2.5547964753916608e+06 1.9648745312003065e+06
2.0876008918605868e+06 2.7143694499881575e+06 3.5009192226398704e+06 4.4790598803556329e+06 5.6843824951977171e+06 7.1560170201992933e+06 8.9361630203513894e+06 1.1069358361362204e+07 1.3601457815354250e+07 1.6578304675409589e+07 2.0044093565430284e+07 2.4039441437294427e+07 2.8599205624093860e+07 3.3750111709968224e+07 3.9508278420478985e+07 4.5876749917373799e+07 5.2843165733873196e+07 6.0377712947812892e+07 6.8431511985230014e+07 7.6935584902356803e+07 8.5800541853678793e+07 9.4917097178709447e+07 1.0415749146342392e+08 1.1337785134716332e+08 1.2242146700832140e+08 1.3112291129655910e+08 1.3931286818544859e+08 1.4682348579183733e+08 1.5349402488875800e+08 1.5917654153421953e+08 1.6374132534085208e+08 1.6708181516282570e+08 1.6911873241449478e+08 1.6980320825436395e+08 1.6911873241449481e+08 1.6708181516282573e+08 1.6374132534085214e+08 1.5917654153421953e+08 1.5349402488875803e+08 1.4682348579183739e+08 1.3931286818544865e+08 1.3112291129655910e+08 1.2242146700832145e+08 1.1337785134716339e+08 1.0415749146342397e+08 9.4917097178709492e+07 8.5800541853678852e+07 7.6935584902356878e+07 6.8431511985230073e+07 6.0377712947812915e+07 5.2843165733873196e+07 4.5876749917373866e+07 3.9508278420479022e+07 3.3750111709968232e+07 2.8599205624093920e+07 2.4039441437294457e+07 2.0044093565430321e+07 1.6578304675409604e+07 1.3601457815354250e+07 1.1069358361362226e+07 8.9361630203514006e+06 7.1560170201992933e+06 5.6843824951977376e+06 4.4790598803556487e+06 3.5009192226398755e+06 2.7143694499881575e+06 2.0876008918605868e+06
2.2001473652606560e+06 2.8607061900672349e+06 3.6896603338852581e+06 4.7205343861614233e+06 5.9908382003020588e+06 7.5418112983845742e+06 9.4179283029731531e+06 1.1666128199519603e+07 1.4334737876780935e+07 1.7472072125617132e+07 2.1124708184865333e+07 2.5335452742340207e+07 3.0141042355235737e+07 3.5569643433979847e+07 4.1638243694813572e+07 4.8350051415944986e+07 5.5692039754683860e+07 6.3632788518403254e+07 7.2120782943774194e+07 8.1083326356909767e+07 9.0426209738328978e+07 1.0003425563293606e+08 1.0977281687744901e+08 1.1949026362891315e+08 1.2902143754577872e+08 1.3819199299024680e+08 1.4682348579183733e+08 1.5473901485805118e+08 1.6176917520918900e+08 1.6775804696830153e+08 1.7256892681813532e+08 1.7608950870193827e+08 1.7823623997705260e+08 1.7895761719122428e+08 1.7823623997705263e+08 1.7608950870193833e+08 1.7256892681813535e+08 1.6775804696830153e+08 1.6176917520918906e+08 1.5473901485805127e+08 1.4682348579183736e+08 1.3819199299024680e+08 1.2902143754577878e+08 1.1949026362891322e+08 1.0977281687744905e+08 1.0003425563293609e+08 9.0426209738329038e+07 8.1083326356909826e+07 7.2120782943774268e+07 6.3632788518403277e+07 5.5692039754683860e+07 4.8350051415945061e+07 4.1638243694813609e+07 3.5569643433979854e+07 3.0141042355235800e+07 2.5335452742340244e+07 2.1124708184865370e+07 1.7472072125617146e+07 1.4334737876780935e+07 1.1666128199519627e+07 9.4179283029731642e+06 7.5418112983845742e+06 5.9908382003020803e+06 4.7205343861614401e+06 3.6896603338852632e+06 2.8607061900672349e+06 2.2001473652606560e+06
2.3001052768972572e+06 2.9906748553848607e+06 3.8572903515135916e+06 4.9349994563198304e+06 6.2630161847908497e+06 7.8844536682762532e+06 9.8458071168983765e+06 1.2196148065516483e+07 1.4985999008033093e+07 1.8265869790817551e+07 2.2084453767107997e+07 2.6486502434046697e+07 3.1510421377728067e+07 3.7185656675391957e+07 4.3529967835508280e+07 5.0546708895971365e+07 5.8222261173739240e+07 6.6523776982332587e+07 7.5397401120576277e+07 8.4767134132315502e+07 9.4534486858932585e+07 1.0457904906044611e+08 1.1476005623368044e+08 1.2491898963238157e+08 1.3488318737993145e+08 1.4447038290280998e+08 1.5349402488875800e+08 1.6176917520918900e+08 1.6911873241449475e+08 1.7537969281801018e+08 1.8040914234663773e+08 1.8408967261317500e+08 1.8633393498029414e+08 1.8708808607178396e+08 1.8633393498029417e+08 1.8408967261317503e+08 1.8040914234663779e+08 1.7537969281801018e+08 1.6911873241449481e+08 1.6176917520918906e+08 1.5349402488875803e+08 1.4447038290280998e+08 1.3488318737993151e+08 1.2491898963238165e+08 1.1476005623368050e+08 1.0457904906044614e+08 9.4534486858932659e+07 8.4767134132315576e+07 7.5397401120576352e+07 6.6523776982332610e+07 5.8222261173739240e+07 5.0546708895971440e+07 4.3529967835508324e+07 3.7185656675391957e+07 3.1510421377728131e+07 2.6486502434046730e+07 2.2084453767108038e+07 1.8265869790817566e+07 1.4985999008033093e+07 1.2196148065516509e+07 9.8458071168983895e+06 7.8844536682762532e+06 6.2630161847908720e+06 4.9349994563198481e+06 3.8572903515135967e+06 2.9906748553848607e+06 2.3001052768972572e+06
2.3852576893885909e+06 3.1013929088022769e+06 4.0000914582324992e+06 5.1176985325620798e+06 6.4948798924932303e+06 8.1763447646418633e+06 1.0210309662651064e+07 1.2647662803259781e+07 1.5540797078340614e+07 1.8942092264007486e+07 2.2902044394681070e+07 2.7467061716863129e+07 3.2676971633441377e+07 3.8562310347634077e+07 4.5141494844334520e+07 5.2418003331587493e+07 6.0377712947812907e+07 6.8986559949259415e+07 7.8188695356314272e+07 8.7905306129851237e+07 9.8034256934903756e+07 1.0845067981273898e+08 1.1900859900434925e+08 1.2954362722615564e+08 1.3987671047006381e+08 1.4981883445469540e+08 1.5917654153421953e+08 1.6775804696830153e+08 1.7537969281801018e+08 1.8187244082195717e+08 1.8708808607178396e+08 1.9090487359340903e+08 1.9323222100743589e+08 1.9401429159698883e+08 1.9323222100743592e+08 1.9090487359340909e+08 1.8708808607178399e+08 1.8187244082195717e+08 1.7537969281801021e+08 1.6775804696830162e+08 1.5917654153421956e+08 1.4981883445469540e+08 1.3987671047006389e+08 1.2954362722615574e+08 1.1900859900434931e+08 1.0845067981273903e+08 9.8034256934903815e+07 8.7905306129851311e+07 7.8188695356314346e+07 6.8986559949259430e+07 6.0377712947812907e+07 5.2418003331587560e+07 4.5141494844334565e+07 3.8562310347634077e+07 3.2676971633441448e+07 2.7467061716863163e+07 2.2902044394681111e+07 1.8942092264007501e+07 1.5540797078340614e+07 1.2647662803259809e+07 1.0210309662651077e+07 8.1763447646418633e+06 6.4948798924932536e+06 5.1176985325620985e+06 4.0000914582325039e+06 3.1013929088022769e+06 2.3852576893885909e+06
2.4536608948497809e+06 3.1903330754351988e+06 4.1148040442555058e+06 5.2644612851856789e+06 6.6811367509066481e+06 8.4108218164696209e+06 1.0503115724144451e+07 1.3010366037037842e+07 1.5986468143697450e+07 1.9485303940785203e+07 2.3558817562284704e+07 2.8254748126760155e+07 3.3614065187079482e+07 3.9668180648148030e+07 4.6436039647774085e+07 5.3921220140281640e+07 6.2109194255857505e+07 7.0964921388052002e+07 8.0430950948652923e+07 9.0426209738328993e+07 1.0084563343698399e+08 1.1156077318614638e+08 1.2242146700832140e+08 1.3325861340511642e+08 1.4388802354876590e+08 1.5411526270257473e+08 1.6374132534085208e+08 1.7256892681813532e+08 1.8040914234663773e+08 1.8708808607178396e+08 1.9245330294031832e+08 1.9637954635100937e+08 1.9877363624910808e+08 1.9957813466080379e+08 1.9877363624910811e+08 1.9637954635100943e+08 1.9245330294031838e+08 1.8708808607178396e+08 1.8040914234663779e+08 1.7256892681813541e+08 1.6374132534085214e+08 1.5411526270257473e+08 1.4388802354876596e+08 1.3325861340511651e+08 1.2242146700832146e+08 1.1156077318614642e+08 1.0084563343698406e+08 9.0426209738329083e+07 8.0430950948653013e+07 7.0964921388052016e+07 6.2109194255857505e+07 5.3921220140281722e+07 4.6436039647774130e+07 3.9668180648148037e+07 3.3614065187079549e+07 2.8254748126760192e+07 2.3558817562284745e+07 1.9485303940785222e+07 1.5986468143697450e+07 1.3010366037037872e+07 1.0503115724144466e+07 8.4108218164696209e+06 6.6811367509066714e+06 5.2644612851856975e+06 4.1148040442555118e+06 3.1903330754351988e+06 2.4536608948497809e+06
2.5037180763753257e+06 3.2554191198104494e+06 4.1987502380501274e+06 5.3718616577228447e+06 6.8174387459537657e+06 8.5824111486914270e+06 1.0717389983269200e+07 1.3275790756401788e+07 1.6312608377460435e+07 1.9882823988682456e+07 2.4039441437294409e+07 2.8831173768505719e+07 3.4299826355793938e+07 4.0477451938920274e+07 4.7383382155801602e+07 5.5021267954674594e+07 6.3376285082383946e+07 7.2412678068416432e+07 8.2071824274041846e+07 9.2270996524082318e+07 1.0290298707929435e+08 1.1383672659365706e+08 1.2491898963238156e+08 1.3597722485426322e+08 1.4682348579183736e+08 1.5725937104173139e+08 1.6708181516282570e+08 1.7608950870193827e+08 1.8408967261317500e+08 1.9090487359340903e+08 1.9637954635100937e+08 2.0038588912650460e+08 2.0282882089711684e+08 2.0364973189586392e+08 2.0282882089711687e+08 2.0038588912650466e+08 1.9637954635100943e+08 1.9090487359340903e+08 1.8408967261317506e+08 1.7608950870193836e+08 1.6708181516282576e+08 1.5725937104173139e+08 1.4682348579183742e+08 1.3597722485426331e+08 1.2491898963238162e+08 1.1383672659365711e+08 1.0290298707929441e+08 9.2270996524082392e+07 8.2071824274041936e+07 7.2412678068416461e+07 6.3376285082383946e+07 5.5021267954674676e+07 4.7383382155801646e+07 4.0477451938920282e+07 3.4299826355794005e+07 2.8831173768505756e+07 2.4039441437294453e+07 1.9882823988682471e+07 1.6312608377460435e+07 1.3275790756401815e+07 1.0717389983269215e+07 8.5824111486914270e+06 6.8174387459537899e+06 5.3718616577228643e+06 4.1987502380501330e+06 3.2554191198104494e+06 2.5037180763753257e+06
2.5342412457466582e+06 3.2951063793730363e+06 4.2499377762451088e+06 5.4373507576199947e+06 6.9005510737693198e+06 8.6870404963714853e+06 1.0848047149810705e+07 1.3437637736546878e+07 1.6511477616410164e+07 2.0125218214259781e+07 2.4332509554470383e+07 2.9182658549645469e+07 3.4717980228286192e+07 4.0970918089486346e+07 4.7961039445803642e+07 5.5692039754683860e+07 6.4148914038474709e+07 7.3295470926833585e+07 8.3072373104426742e+07 9.3395884857773453e+07 1.0415749146342392e+08 1.1522452569104052e+08 1.2644189411361012e+08 1.3763494179293671e+08 1.4861343098047522e+08 1.5917654153421956e+08 1.6911873241449478e+08 1.7823623997705260e+08 1.8633393498029414e+08 1.9323222100743589e+08 1.9877363624910808e+08 2.0282882089711684e+08 2.0530153478293625e+08 2.0613245361990204e+08 2.0530153478293628e+08 2.0282882089711687e+08 1.9877363624910814e+08 1.9323222100743589e+08 1.8633393498029420e+08 1.7823623997705269e+08 1.6911873241449484e+08 1.5917654153421956e+08 1.4861343098047531e+08 1.3763494179293680e+08 1.2644189411361019e+08 1.1522452569104056e+08 1.0415749146342400e+08 9.3395884857773513e+07 8.3072373104426816e+07 7.3295470926833615e+07 6.4148914038474709e+07 5.5692039754683942e+07 4.7961039445803687e+07 4.0970918089486353e+07 3.4717980228286259e+07 2.9182658549645510e+07 2.4332509554470427e+07 2.0125218214259800e+07 1.6511477616410164e+07 1.3437637736546906e+07 1.0848047149810720e+07 8.6870404963714853e+06 6.9005510737693440e+06 5.4373507576200133e+06 4.2499377762451144e+06 3.2951063793730363e+06 2.5342412457466582e+06
2.5444981042291480e+06 3.3084426944830134e+06 4.2671385894681970e+06 5.4593573985955399e+06 6.9284797391770165e+06 8.7221996372593082e+06 1.0891952553297343e+07 1.3492024014425531e+07 1.6578304675409600e+07 2.0206671199645184e+07 2.4430990749756310e+07 2.9300769798678648e+07 3.4858494636927061e+07 4.1136740072475083e+07 4.8155152612848945e+07 5.5917442672154203e+07 6.4408544542951077e+07 7.3592120377222613e+07 8.3408592703159392e+07 9.3773886902938187e+07 1.0457904906044611e+08 1.1569087500001357e+08 1.2695364358353840e+08 1.3819199299024683e+08 1.4921491552056086e+08 1.5982077825122067e+08 1.6980320825436395e+08 1.7895761719122428e+08 1.8708808607178396e+08 1.9401429159698883e+08 1.9957813466080379e+08 2.0364973189586392e+08 2.0613245361990204e+08 2.0696673544250917e+08 2.0613245361990204e+08 2.0364973189586398e+08 1.9957813466080385e+08 1.9401429159698883e+08 1.8708808607178399e+08 1.7895761719122437e+08 1.6980320825436398e+08 1.5982077825122067e+08 1.4921491552056095e+08 1.3819199299024692e+08 1.2695364358353847e+08 1.1569087500001362e+08 1.0457904906044619e+08 9.3773886902938262e+07 8.3408592703159466e+07 7.3592120377222642e+07 6.4408544542951077e+07 5.5917442672154285e+07 4.8155152612848997e+07 4.1136740072475083e+07 3.4858494636927135e+07 2.9300769798678685e+07 2.4430990749756355e+07 2.0206671199645203e+07 1.6578304675409600e+07 1.3492024014425561e+07 1.0891952553297358e+07 8.7221996372593082e+06 6.9284797391770408e+06 5.4593573985955594e+06 4.2671385894682026e+06 3.3084426944830134e+06 2.5444981042291480e+06
2.5342412457466582e+06 3.2951063793730368e+06 4.2499377762451097e+06 5.4373507576199947e+06 6.9005510737693198e+06 8.6870404963714853e+06 1.0848047149810707e+07 1.3437637736546880e+07 1.6511477616410168e+07 2.0125218214259781e+07 2.4332509554470386e+07 2.9182658549645476e+07 3.4717980228286192e+07 4.0970918089486353e+07 4.7961039445803650e+07 5.5692039754683860e+07 6.4148914038474724e+07 7.3295470926833585e+07 8.3072373104426742e+07 9.3395884857773453e+07 1.0415749146342395e+08 1.1522452569104052e+08 1.2644189411361012e+08 1.3763494179293671e+08 1.4861343098047525e+08 1.5917654153421959e+08 1.6911873241449481e+08 1.7823623997705263e+08 1.8633393498029417e+08 1.9323222100743592e+08 1.9877363624910811e+08 2.0282882089711687e+08 2.0530153478293628e+08 2.0613245361990204e+08 2.0530153478293630e+08 2.0282882089711690e+08 1.9877363624910817e+08 1.9323222100743592e+08 1.8633393498029420e+08 1.7823623997705272e+08 1.6911873241449484e+08 1.5917654153421959e+08 1.4861343098047531e+08 1.3763494179293683e+08 1.2644189411361019e+08 1.1522452569104056e+08 1.0415749146342403e+08 9.3395884857773528e+07 8.3072373104426831e+07 7.3295470926833615e+07 6.4148914038474724e+07 5.5692039754683942e+07 4.7961039445803694e+07 4.0970918089486361e+07 3.4717980228286259e+07 2.9182658549645513e+07 2.4332509554470427e+07 2.0125218214259800e+07 1.6511477616410168e+07 1.3437637736546909e+07 1.0848047149810722e+07 8.6870404963714853e+06 6.9005510737693440e+06 5.4373507576200143e+06 4.2499377762451153e+06 3.2951063793730368e+06 2.5342412457466582e+06
2.5037180763753261e+06 3.2554191198104504e+06 4.1987502380501293e+06 5.3718616577228466e+06 6.8174387459537685e+06 8.5824111486914288e+06 1.0717389983269203e+07 1.3275790756401790e+07 1.6312608377460441e+07 1.9882823988682460e+07 2.4039441437294416e+07 2.8831173768505722e+07 3.4299826355793938e+07 4.0477451938920282e+07 4.7383382155801609e+07 5.5021267954674609e+07 6.3376285082383953e+07 7.2412678068416461e+07 8.2071824274041876e+07 9.2270996524082333e+07 1.0290298707929437e+08 1.1383672659365709e+08 1.2491898963238160e+08 1.3597722485426322e+08 1.4682348579183739e+08 1.5725937104173145e+08 1.6708181516282573e+08 1.7608950870193833e+08 1.8408967261317503e+08 1.9090487359340909e+08 1.9637954635100943e+08 2.0038588912650466e+08 2.0282882089711687e+08 2.0364973189586398e+08 2.0282882089711690e+08 2.0038588912650472e+08 1.9637954635100946e+08 1.9090487359340909e+08 1.8408967261317506e+08 1.7608950870193842e+08 1.6708181516282579e+08 1.5725937104173145e+08 1.4682348579183745e+08 1.3597722485426334e+08 1.2491898963238165e+08 1.1383672659365714e+08 1.0290298707929444e+08 9.2270996524082407e+07 8.2071824274041951e+07 7.2412678068416476e+07 6.3376285082383953e+07 5.5021267954674684e+07 4.7383382155801654e+07 4.0477451938920282e+07 3.4299826355794013e+07 2.8831173768505763e+07 2.4039441437294457e+07 1.9882823988682479e+07 1.6312608377460441e+07 1.3275790756401816e+07 1.0717389983269216e+07 8.5824111486914288e+06 6.8174387459537908e+06 5.3718616577228652e+06 4.1987502380501349e+06 3.2554191198104504e+06 2.5037180763753261e+06
2.4536608948497814e+06 3.1903330754351998e+06 4.1148040442555072e+06 5.2644612851856798e+06 6.6811367509066490e+06 8.4108218164696209e+06 1.0503115724144453e+07 1.3010366037037846e+07 1.5986468143697452e+07 1.9485303940785207e+07 2.3558817562284708e+07 2.8254748126760159e+07 3.3614065187079489e+07 3.9668180648148037e+07 4.6436039647774093e+07 5.3921220140281655e+07 6.2109194255857527e+07 7.0964921388052016e+07 8.0430950948652953e+07 9.0426209738329023e+07 1.0084563343698402e+08 1.1156077318614642e+08 1.2242146700832142e+08 1.3325861340511647e+08 1.4388802354876593e+08 1.5411526270257476e+08 1.6374132534085214e+08 1.7256892681813535e+08 1.8040914234663779e+08 1.8708808607178399e+08 1.9245330294031838e+08 1.9637954635100943e+08 1.9877363624910814e+08 1.9957813466080385e+08 1.9877363624910817e+08 1.9637954635100946e+08 1.9245330294031844e+08 1.8708808607178399e+08 1.8040914234663782e+08 1.7256892681813547e+08 1.6374132534085220e+08 1.5411526270257476e+08 1.4388802354876602e+08 1.3325861340511656e+08 1.2242146700832149e+08 1.1156077318614644e+08 1.0084563343698408e+08 9.0426209738329098e+07 8.0430950948653027e+07 7.0964921388052046e+07 6.2109194255857527e+07 5.3921220140281737e+07 4.6436039647774138e+07 3.9668180648148045e+07 3.3614065187079556e+07 2.8254748126760200e+07 2.3558817562284749e+07 1.9485303940785225e+07 1.5986468143697452e+07 1.3010366037037874e+07 1.0503115724144468e+07 8.4108218164696209e+06 6.6811367509066723e+06 5.2644612851856984e+06 4.1148040442555123e+06 3.1903330754351998e+06 2.4536608948497814e+06
2.3852576893885909e+06 3.1013929088022769e+06 4.0000914582324992e+06 5.1176985325620798e+06 6.4948798924932303e+06 8.1763447646418633e+06 1.0210309662651064e+07 1.2647662803259781e+07 1.5540797078340614e+07 1.8942092264007486e+07 2.2902044394681070e+07 2.7467061716863129e+07 3.2676971633441377e+07 3.8562310347634077e+07 4.5141494844334520e+07 5.2418003331587493e+07 6.0377712947812907e+07 6.8986559949259415e+07 7.8188695356314272e+07 8.7905306129851237e+07 9.8034256934903756e+07 1.0845067981273898e+08 1.1900859900434925e+08 1.2954362722615564e+08 1.3987671047006381e+08 1.4981883445469540e+08 1.5917654153421953e+08 1.6775804696830153e+08 1.7537969281801018e+08 1.8187244082195717e+08 1.8708808607178396e+08 1.9090487359340903e+08 1.9323222100743589e+08 1.9401429159698883e+08 1.9323222100743592e+08 1.9090487359340909e+08 1.8708808607178399e+08 1.8187244082195717e+08 1.7537969281801021e+08 1.6775804696830162e+08 1.5917654153421956e+08 1.4981883445469540e+08 1.3987671047006389e+08 1.2954362722615574e+08 1.1900859900434931e+08 1.0845067981273903e+08 9.8034256934903815e+07 8.7905306129851311e+07 7.8188695356314346e+07 6.8986559949259430e+07 6.0377712947812907e+07 5.2418003331587560e+07 4.5141494844334565e+07 3.8562310347634077e+07 3.2676971633441448e+07 2.7467061716863163e+07 2.2902044394681111e+07 1.8942092264007501e+07 1.5540797078340614e+07 1.2647662803259809e+07 1.0210309662651077e+07 8.1763447646418633e+06 6.4948798924932536e+06 5.1176985325620985e+06 4.0000914582325039e+06 3.1013929088022769e+06 2.3852576893885909e+06
2.3001052768972577e+06 2.9906748553848611e+06 3.8572903515135921e+06 4.9349994563198313e+06 6.2630161847908506e+06 7.8844536682762550e+06 9.8458071168983784e+06 1.2196148065516487e+07 1.4985999008033095e+07 1.8265869790817551e+07 2.2084453767108005e+07 2.6486502434046704e+07 3.1510421377728071e+07 3.7185656675391957e+07 4.3529967835508287e+07 5.0546708895971380e+07 5.8222261173739247e+07 6.6523776982332610e+07 7.5397401120576292e+07 8.4767134132315531e+07 9.4534486858932599e+07 1.0457904906044614e+08 1.1476005623368046e+08 1.2491898963238160e+08 1.3488318737993148e+08 1.4447038290281001e+08 1.5349402488875803e+08 1.6176917520918906e+08 1.6911873241449481e+08 1.7537969281801021e+08 1.8040914234663779e+08 1.8408967261317506e+08 1.8633393498029420e+08 1.8708808607178399e+08 1.8633393498029420e+08 1.8408967261317506e+08 1.8040914234663782e+08 1.7537969281801021e+08 1.6911873241449484e+08 1.6176917520918912e+08 1.5349402488875809e+08 1.4447038290281001e+08 1.3488318737993154e+08 1.2491898963238169e+08 1.1476005623368053e+08 1.0457904906044619e+08 9.4534486858932674e+07 8.4767134132315606e+07 7.5397401120576367e+07 6.6523776982332632e+07 5.8222261173739247e+07 5.0546708895971455e+07 4.3529967835508332e+07 3.7185656675391965e+07 3.1510421377728134e+07 2.6486502434046742e+07 2.2084453767108042e+07 1.8265869790817570e+07 1.4985999008033095e+07 1.2196148065516513e+07 9.8458071168983914e+06 7.8844536682762550e+06 6.2630161847908730e+06 4.9349994563198490e+06 3.8572903515135981e+06 2.9906748553848611e+06 2.3001052768972577e+06
2.2001473652606574e+06 2.8607061900672363e+06 3.6896603338852604e+06 4.7205343861614261e+06 5.9908382003020616e+06 7.5418112983845770e+06 9.4179283029731568e+06 1.1666128199519608e+07 1.4334737876780942e+07 1.7472072125617139e+07 2.1124708184865341e+07 2.5335452742340218e+07 3.0141042355235752e+07 3.5569643433979869e+07 4.1638243694813594e+07 4.8350051415945016e+07 5.5692039754683882e+07 6.3632788518403284e+07 7.2120782943774238e+07 8.1083326356909797e+07 9.0426209738329023e+07 1.0003425563293611e+08 1.0977281687744905e+08 1.1949026362891319e+08 1.2902143754577878e+08 1.3819199299024686e+08 1.4682348579183739e+08 1.5473901485805127e+08 1.6176917520918906e+08 1.6775804696830162e+08 1.7256892681813541e+08 1.7608950870193836e+08 1.7823623997705269e+08 1.7895761719122437e+08 1.7823623997705272e+08 1.7608950870193842e+08 1.7256892681813547e+08 1.6775804696830162e+08 1.6176917520918912e+08 1.5473901485805136e+08 1.4682348579183745e+08 1.3819199299024686e+08 1.2902143754577886e+08 1.1949026362891328e+08 1.0977281687744911e+08 1.0003425563293615e+08 9.0426209738329083e+07 8.1083326356909871e+07 7.2120782943774313e+07 6.3632788518403307e+07 5.5692039754683882e+07 4.8350051415945083e+07 4.1638243694813631e+07 3.5569643433979876e+07 3.0141042355235811e+07 2.5335452742340256e+07 2.1124708184865378e+07 1.7472072125617154e+07 1.4334737876780942e+07 1.1666128199519634e+07 9.4179283029731698e+06 7.5418112983845770e+06 5.9908382003020830e+06 4.7205343861614419e+06 3.6896603338852650e+06 2.8607061900672363e+06 2.2001473652606574e+06
2.0876008918605873e+06 2.7143694499881580e+06 3.5009192226398722e+06 4.4790598803556338e+06 5.6843824951977190e+06 7.1560170201992951e+06 8.9361630203513931e+06 1.1069358361362206e+07 1.3601457815354252e+07 1.6578304675409593e+07 2.0044093565430287e+07 2.4039441437294431e+07 2.8599205624093868e+07 3.3750111709968232e+07 3.9508278420478992e+07 4.5876749917373814e+07 5.2843165733873203e+07 6.0377712947812915e+07 6.8431511985230029e+07 7.6935584902356833e+07 8.5800541853678823e+07 9.4917097178709477e+07 1.0415749146342395e+08 1.1337785134716336e+08 1.2242146700832142e+08 1.3112291129655914e+08 1.3931286818544865e+08 1.4682348579183736e+08 1.5349402488875803e+08 1.5917654153421956e+08 1.6374132534085214e+08 1.6708181516282576e+08 1.6911873241449484e+08 1.6980320825436398e+08 1.6911873241449484e+08 1.6708181516282579e+08 1.6374132534085220e+08 1.5917654153421956e+08 1.5349402488875809e+08 1.4682348579183745e+08 1.3931286818544865e+08 1.3112291129655914e+08 1.2242146700832149e+08 1.1337785134716344e+08 1.0415749146342400e+08 9.4917097178709507e+07 8.5800541853678882e+07 7.6935584902356893e+07 6.8431511985230088e+07 6.0377712947812930e+07 5.2843165733873203e+07 4.5876749917373873e+07 3.9508278420479037e+07 3.3750111709968239e+07 2.8599205624093924e+07 2.4039441437294465e+07 2.0044093565430325e+07 1.6578304675409606e+07 1.3601457815354252e+07 1.1069358361362230e+07 8.9361630203514043e+06 7.1560170201992951e+06 5.6843824951977385e+06 4.4790598803556496e+06 3.5009192226398764e+06 2.7143694499881580e+06 2.0876008918605873e+06
1.9648745312003065e+06 2.5547964753916608e+06 3.2951063793730354e+06 4.2157438794673616e+06 5.3502077116188221e+06 6.7353274481952535e+06 8.4108218164696153e+06 1.0418610379872479e+07 1.2801852189652003e+07 1.5603695492848363e+07 1.8865736789664123e+07 2.2626205233282443e+07 2.6917908955892183e+07 3.1766002391854882e+07 3.7185656675391957e+07 4.3179737007371120e+07 4.9736609570972592e+07 5.6828214092947014e+07 6.4408544542951055e+07 7.2412678068416432e+07 8.0756479894595653e+07 8.9337089071508899e+07 9.8034256934903756e+07 1.0671256818428908e+08 1.1522452569104053e+08 1.2341442747412446e+08 1.3112291129655910e+08 1.3819199299024680e+08 1.4447038290280998e+08 1.4981883445469540e+08 1.5411526270257473e+08 1.5725937104173139e+08 1.5917654153421956e+08 1.5982077825122067e+08 1.5917654153421959e+08 1.5725937104173145e+08 1.5411526270257476e+08 1.4981883445469540e+08 1.4447038290281001e+08 1.3819199299024686e+08 1.3112291129655914e+08 1.2341442747412446e+08 1.1522452569104058e+08 1.0671256818428916e+08 9.8034256934903815e+07 8.9337089071508929e+07 8.0756479894595698e+07 7.2412678068416506e+07 6.4408544542951129e+07 5.6828214092947021e+07 4.9736609570972592e+07 4.3179737007371187e+07 3.7185656675391987e+07 3.1766002391854886e+07 2.6917908955892235e+07 2.2626205233282473e+07 1.8865736789664157e+07 1.5603695492848378e+07 1.2801852189652003e+07 1.0418610379872499e+07 8.4108218164696284e+06 6.7353274481952535e+06 5.3502077116188416e+06 4.2157438794673774e+06 3.2951063793730396e+06 2.5547964753916608e+06 1.9648745312003065e+06
1.8344835408115415e+06 2.3852576893885941e+06 3.0764399060586700e+06 3.9359830036758040e+06 4.9951627093929434e+06 6.2883645492327828e+06 7.8526714769856213e+06 9.7272212329652905e+06 1.1952308791682672e+07 1.4568219040418439e+07 1.7613788095049337e+07 2.1124708184865363e+07 2.5131610262402944e+07 2.9657979489224274e+07 3.4717980228286207e+07 4.0314287542932235e+07 4.6436039647774115e+07 5.3057038376664720e+07 6.0134330704307683e+07 6.7607302121955514e+07 7.5397401120576322e+07 8.3408592703159437e+07 9.1528608024100289e+07 9.9631018074329630e+07 1.0757811377854428e+08 1.1522452569104058e+08 1.2242146700832145e+08 1.2902143754577878e+08 1.3488318737993151e+08 1.3987671047006389e+08 1.4388802354876596e+08 1.4682348579183742e+08 1.4861343098047531e+08 1.4921491552056095e+08 1.4861343098047531e+08 1.4682348579183745e+08 1.4388802354876602e+08 1.3987671047006389e+08 1.3488318737993154e+08 1.2902143754577886e+08 1.2242146700832149e+08 1.1522452569104058e+08 1.0757811377854435e+08 9.9631018074329689e+07 9.1528608024100333e+07 8.3408592703159466e+07 7.5397401120576382e+07 6.7607302121955574e+07 6.0134330704307742e+07 5.3057038376664735e+07 4.6436039647774115e+07 4.0314287542932294e+07 3.4717980228286244e+07 2.9657979489224274e+07 2.5131610262402993e+07 2.1124708184865393e+07 1.7613788095049370e+07 1.4568219040418452e+07 1.1952308791682672e+07 9.7272212329653110e+06 7.8526714769856315e+06 6.2883645492327828e+06 4.9951627093929611e+06 3.9359830036758184e+06 3.0764399060586742e+06 2.3852576893885941e+06 1.8344835408115415e+06
1.6989651183873743e+06 2.2090520424313811e+06 2.8491746984529435e+06 3.6452209469551896e+06 4.6261560897808122e+06 5.8238254981148364e+06 7.2725727043874385e+06 9.0086442347333189e+06 1.1069358361362219e+07 1.3492024014425540e+07 1.6312608377460429e+07 1.9564166995099552e+07 2.3275068025870699e+07 2.7467061716863140e+07 3.2153266069984518e+07 3.7336158534178331e+07 4.3005679714477278e+07 4.9137566776432611e+07 5.5692039754683882e+07 6.2612961903526343e+07 6.9827584533275411e+07 7.7246967020351931e+07 8.4767134132315561e+07 9.2270996524082378e+07 9.9631018074329644e+07 1.0671256818428916e+08 1.1337785134716339e+08 1.1949026362891322e+08 1.2491898963238165e+08 1.2954362722615574e+08 1.3325861340511651e+08 1.3597722485426331e+08 1.3763494179293680e+08 1.3819199299024692e+08 1.3763494179293683e+08 1.3597722485426334e+08 1.3325861340511656e+08 1.2954362722615574e+08 1.2491898963238169e+08 1.1949026362891328e+08 1.1337785134716344e+08 1.0671256818428916e+08 9.9631018074329689e+07 9.2270996524082437e+07 8.4767134132315606e+07 7.7246967020351961e+07 6.9827584533275455e+07 6.2612961903526396e+07 5.5692039754683942e+07 4.9137566776432618e+07 4.3005679714477278e+07 3.7336158534178384e+07 3.2153266069984552e+07 2.7467061716863148e+07 2.3275068025870744e+07 1.9564166995099578e+07 1.6312608377460457e+07 1.3492024014425552e+07 1.1069358361362219e+07 9.0086442347333375e+06 7.2725727043874469e+06 5.8238254981148364e+06 4.6261560897808280e+06 3.6452209469552026e+06 2.8491746984529472e+06 2.2090520424313811e+06 1.6989651183873743e+06
1.5607981868807520e+06 2.0294027141797876e+06 2.6174679252231279e+06 3.3487763716936815e+06 4.2499377762451051e+06 5.3502077116188304e+06 6.6811367509066537e+06 8.2760237015175624e+06 1.0169151958073441e+07 1.2394796332872987e+07 1.4985999008033084e+07 1.7973127313389193e+07 2.1382242390465729e+07 2.5233325665516671e+07 2.9538428329806242e+07 3.4299826355793945e+07 3.9508278420479007e+07 4.5141494844334543e+07 5.1162930734745175e+07 5.7521014620369233e+07 6.4148914038474724e+07 7.0964921388052031e+07 7.7873517136347368e+07 8.4767134132315561e+07 9.1528608024100289e+07 9.8034256934903815e+07 1.0415749146342397e+08 1.0977281687744905e+08 1.1476005623368050e+08 1.1900859900434931e+08 1.2242146700832146e+08 1.2491898963238162e+08 1.2644189411361019e+08 1.2695364358353847e+08 1.2644189411361019e+08 1.2491898963238165e+08 1.2242146700832149e+08 1.1900859900434931e+08 1.1476005623368053e+08 1.0977281687744911e+08 1.0415749146342400e+08 9.8034256934903815e+07 9.1528608024100333e+07 8.4767134132315606e+07 7.7873517136347413e+07 7.0964921388052046e+07 6.4148914038474768e+07 5.7521014620369278e+07 5.1162930734745219e+07 4.5141494844334550e+07 3.9508278420479007e+07 3.4299826355793998e+07 2.9538428329806272e+07 2.5233325665516675e+07 2.1382242390465774e+07 1.7973127313389219e+07 1.4985999008033110e+07 1.2394796332872998e+07 1.0169151958073441e+07 8.2760237015175810e+06 6.6811367509066621e+06 5.3502077116188304e+06 4.2499377762451209e+06 3.3487763716936931e+06 2.6174679252231317e+06 2.0294027141797876e+06 1.5607981868807520e+06
1.4223310402261091e+06 1.8493630360153406e+06 2.3852576893885927e+06 3.0516876687015248e+06 3.8729019991133385e+06 4.8755608276946070e+06 6.0884156995346239e+06 7.5418112983845714e+06 9.2669895469637942e+06 1.1295184547054403e+07 1.3656507123782074e+07 1.6378630551114464e+07 1.9485303940785211e+07 2.2994736054841779e+07 2.6917908955892190e+07 3.1256896702135038e+07 3.6003277820078582e+07 4.1136740072475083e+07 4.6623980668761685e+07 5.2418003331587508e+07 5.8457904680209622e+07 6.4669225852415584e+07 7.0964921388052016e+07 7.7246967020351902e+07 8.3408592703159437e+07 8.9337089071508929e+07 9.4917097178709492e+07 1.0003425563293609e+08 1.0457904906044614e+08 1.0845067981273903e+08 1.1156077318614642e+08 1.1383672659365711e+08 1.1522452569104056e+08 1.1569087500001362e+08 1.1522452569104056e+08 1.1383672659365714e+08 1.1156077318614644e+08 1.0845067981273903e+08 1.0457904906044619e+08 1.0003425563293615e+08 9.4917097178709507e+07 8.9337089071508929e+07 8.3408592703159466e+07 7.7246967020351961e+07 7.0964921388052046e+07 6.4669225852415614e+07 5.8457904680209659e+07 5.2418003331587553e+07 4.6623980668761730e+07 4.1136740072475106e+07 3.6003277820078582e+07 3.1256896702135082e+07 2.6917908955892213e+07 2.2994736054841783e+07 1.9485303940785248e+07 1.6378630551114485e+07 1.3656507123782096e+07 1.1295184547054412e+07 9.2669895469637942e+06 7.5418112983845873e+06 6.0884156995346323e+06 4.8755608276946070e+06 3.8729019991133520e+06 3.0516876687015360e+06 2.3852576893885955e+06 1.8493630360153406e+06 1.4223310402261091e+06
1.2857196182152154e+06 1.6717362339424025e+06 2.1561595149172028e+06 2.7585805226406823e+06 3.5009192226398690e+06 4.4072751199833509e+06 5.5036382440875070e+06 6.8174387459537722e+06 8.3769178379405858e+06 1.0210309662651068e+07 1.2344832974010874e+07 1.4805503095622024e+07 1.7613788095049344e+07 2.0786147827225149e+07 2.4332509554470409e+07 2.8254748126760159e+07 3.2545250932559971e+07 3.7185656675391972e+07 4.2145861216376387e+07 4.7383382155801624e+07 5.2843165733873218e+07 5.8457904680209637e+07 6.4148914038474731e+07 6.9827584533275411e+07 7.5397401120576352e+07 8.0756479894595698e+07 8.5800541853678852e+07 9.0426209738329038e+07 9.4534486858932659e+07 9.8034256934903815e+07 1.0084563343698406e+08 1.0290298707929441e+08 1.0415749146342400e+08 1.0457904906044619e+08 1.0415749146342403e+08 1.0290298707929444e+08 1.0084563343698408e+08 9.8034256934903815e+07 9.4534486858932674e+07 9.0426209738329083e+07 8.5800541853678882e+07 8.0756479894595698e+07 7.5397401120576382e+07 6.9827584533275455e+07 6.4148914038474768e+07 5.8457904680209659e+07 5.2843165733873256e+07 4.7383382155801669e+07 4.2145861216376431e+07 3.7185656675391980e+07 3.2545250932559971e+07 2.8254748126760200e+07 2.4332509554470431e+07 2.0786147827225149e+07 1.7613788095049381e+07 1.4805503095622044e+07 1.2344832974010896e+07 1.0210309662651077e+07 8.3769178379405858e+06 6.8174387459537871e+06 5.5036382440875145e+06 4.4072751199833509e+06 3.5009192226398815e+06 2.7585805226406925e+06 2.1561595149172060e+06 1.6717362339424025e+06 1.2857196182152154e+06
1.1528783934315129e+06 1.4990115701152461e+06 1.9333839838194968e+06 2.4735625373036074e+06 3.1392024137683711e+06 3.9519131447884403e+06 4.9349994563198388e+06 6.1130574017867316e+06 7.5114102966858158e+06 9.1553751172092929e+06 1.1069358361362210e+07 1.3275790756401801e+07 1.5793922277900955e+07 1.8638512139953960e+07 2.1818461914936040e+07 2.5335452742340222e+07 2.9182658549645487e+07 3.3343615139148988e+07 3.7791328747377209e+07 4.2487706278421260e+07 4.7383382155801639e+07 5.2418003331587531e+07 5.7521014620369256e+07 6.2612961903526351e+07 6.7607302121955559e+07 7.2412678068416506e+07 7.6935584902356878e+07 8.1083326356909826e+07 8.4767134132315576e+07 8.7905306129851311e+07 9.0426209738329083e+07 9.2270996524082392e+07 9.3395884857773513e+07 9.3773886902938262e+07 9.3395884857773528e+07 9.2270996524082407e+07 9.0426209738329098e+07 8.7905306129851311e+07 8.4767134132315606e+07 8.1083326356909871e+07 7.6935584902356893e+07 7.2412678068416506e+07 6.7607302121955574e+07 6.2612961903526396e+07 5.7521014620369278e+07 5.2418003331587553e+07 4.7383382155801669e+07 4.2487706278421298e+07 3.7791328747377254e+07 3.3343615139149003e+07 2.9182658549645487e+07 2.5335452742340259e+07 2.1818461914936058e+07 1.8638512139953963e+07 1.5793922277900986e+07 1.3275790756401820e+07 1.1069358361362228e+07 9.1553751172093023e+06 7.5114102966858158e+06 6.1130574017867446e+06 4.9349994563198453e+06 3.9519131447884403e+06 3.1392024137683823e+06 2.4735625373036158e+06 1.9333839838194994e+06 1.4990115701152461e+06 1.1528783934315129e+06
1.0254450095849539e+06 1.3333183644022385e+06 1.7196774344240113e+06 2.2001473652606551e+06 2.7922107549386113e+06 3.5150885260104630e+06 4.3895094171424108e+06 5.4373507576200021e+06 6.6811367509066593e+06 8.1433859618761679e+06 9.8458071168983802e+06 1.1808351563364612e+07 1.4048141481288221e+07 1.6578304675409606e+07 1.9406758783028271e+07 2.2534999118926216e+07 2.5956954130334623e+07 2.9657979489224277e+07 3.3614065187079504e+07 3.7791328747377217e+07 4.2145861216376401e+07 4.6623980668761715e+07 5.1162930734745190e+07 5.5692039754683904e+07 6.0134330704307720e+07 6.4408544542951129e+07 6.8431511985230073e+07 7.2120782943774268e+07 7.5397401120576352e+07 7.8188695356314346e+07 8.0430950948653013e+07 8.2071824274041936e+07 8.3072373104426816e+07 8.3408592703159466e+07 8.3072373104426831e+07 8.2071824274041951e+07 8.0430950948653027e+07 7.8188695356314346e+07 7.5397401120576367e+07 7.2120782943774313e+07 6.8431511985230088e+07 6.4408544542951129e+07 6.0134330704307742e+07 5.5692039754683942e+07 5.1162930734745219e+07 4.6623980668761730e+07 4.2145861216376431e+07 3.7791328747377254e+07 3.3614065187079534e+07 2.9657979489224285e+07 2.5956954130334623e+07 2.2534999118926249e+07 1.9406758783028290e+07 1.6578304675409609e+07 1.4048141481288251e+07 1.1808351563364629e+07 9.8458071168983970e+06 8.1433859618761754e+06 6.6811367509066593e+06 5.4373507576200133e+06 4.3895094171424164e+06 3.5150885260104630e+06 2.7922107549386206e+06 2.2001473652606630e+06 1.7196774344240134e+06 1.3333183644022385e+06 1.0254450095849539e+06
9.0475897194629908e+05 1.1763982869661143e+06 1.5172862251077327e+06 1.9412089870419092e+06 2.4635916197185079e+06 3.1013929088022760e+06 3.8729019991133399e+06 4.7974214468768584e+06 5.8948245509815980e+06 7.1849796353400797e+06 8.6870404963714778e+06 1.0418610379872486e+07 1.2394796332872987e+07 1.4627181130665479e+07 1.7122750572894398e+07 1.9882823988682464e+07 2.2902044394681096e+07 2.6167490974026676e+07 2.9657979489224255e+07 3.3343615139148973e+07 3.7185656675391957e+07 4.1136740072475083e+07 4.5141494844334528e+07 4.9137566776432589e+07 5.3057038376664713e+07 5.6828214092947021e+07 6.0377712947812915e+07 6.3632788518403277e+07 6.6523776982332610e+07 6.8986559949259430e+07 7.0964921388052016e+07 7.2412678068416461e+07 7.3295470926833615e+07 7.3592120377222642e+07 7.3295470926833615e+07 7.2412678068416476e+07 7.0964921388052046e+07 6.8986559949259430e+07 6.6523776982332632e+07 6.3632788518403307e+07 6.0377712947812930e+07 5.6828214092947021e+07 5.3057038376664735e+07 4.9137566776432618e+07 4.5141494844334550e+07 4.1136740072475106e+07 3.7185656675391980e+07 3.3343615139149003e+07 2.9657979489224285e+07 2.6167490974026687e+07 2.2902044394681096e+07 1.9882823988682490e+07 1.7122750572894413e+07 1.4627181130665481e+07 1.2394796332873011e+07 1.0418610379872499e+07 8.6870404963714927e+06 7.1849796353400853e+06 5.8948245509815980e+06 4.7974214468768686e+06 3.8729019991133451e+06 3.1013929088022760e+06 2.4635916197185167e+06 1.9412089870419160e+06 1.5172862251077348e+06 1.1763982869661143e+06 9.0475897194629908e+05
7.9185391379583313e+05 1.0295953028384243e+06 1.3279437650841838e+06 1.6989651183873715e+06 2.1561595149171995e+06 2.7143694499881561e+06 3.3896017622775557e+06 4.1987502380501246e+06 5.1592081831398485e+06 6.2883645492327772e+06 7.6029829265544312e+06 9.1184698482388612e+06 1.0848047149810707e+07 1.2801852189651998e+07 1.4985999008033087e+07 1.7401642294724181e+07 2.0044093565430298e+07 2.2902044394681089e+07 2.5956954130334597e+07 2.9182658549645465e+07 3.2545250932559948e+07 3.6003277820078574e+07 3.9508278420478985e+07 4.3005679714477248e+07 4.6436039647774085e+07 4.9736609570972592e+07 5.2843165733873196e+07 5.5692039754683860e+07 5.8222261173739240e+07 6.0377712947812907e+07 6.2109194255857505e+07 6.3376285082383946e+07 6.4148914038474709e+07 6.4408544542951077e+07 6.4148914038474724e+07 6.3376285082383953e+07 6.2109194255857527e+07 6.0377712947812907e+07 5.8222261173739247e+07 5.5692039754683882e+07 5.2843165733873203e+07 4.9736609570972592e+07 4.6436039647774115e+07 4.3005679714477278e+07 3.9508278420479007e+07 3.6003277820078582e+07 3.2545250932559971e+07 2.9182658549645487e+07 2.5956954130334623e+07 2.2902044394681096e+07 2.0044093565430298e+07 1.7401642294724204e+07 1.4985999008033101e+07 1.2801852189652000e+07 1.0848047149810728e+07 9.1184698482388742e+06 7.6029829265544452e+06 6.2883645492327828e+06 5.1592081831398485e+06 4.1987502380501330e+06 3.3896017622775598e+06 2.7143694499881561e+06 2.1561595149172074e+06 1.6989651183873776e+06 1.3279437650841854e+06 1.0295953028384243e+06 7.9185391379583313e+05
6.8746229469402542e+05 8.9386178077032301e+05 1.1528783934315140e+06 1.4749872906391069e+06 1.8719088736278147e+06 2.3565289231080860e+06 2.9427440655361228e+06 3.6452209469551947e+06 4.4790598803556459e+06 5.4593573985955510e+06 6.6006671156723546e+06 7.9163644919292899e+06 9.4179283029731661e+06 1.1114159479801524e+07 1.3010366037037862e+07 1.5107550439486939e+07 1.7401642294724204e+07 1.9882823988682482e+07 2.2534999118926227e+07 2.5335452742340241e+07 2.8254748126760181e+07 3.1256896702135071e+07 3.4299826355793983e+07 3.7336158534178361e+07 4.0314287542932272e+07 4.3179737007371187e+07 4.5876749917373866e+07 4.8350051415945061e+07 5.0546708895971440e+07 5.2418003331587560e+07 5.3921220140281722e+07 5.5021267954674676e+07 5.5692039754683942e+07 5.5917442672154285e+07 5.5692039754683942e+07 5.5021267954674684e+07 5.3921220140281737e+07 5.2418003331587560e+07 5.0546708895971455e+07 4.8350051415945083e+07 4.5876749917373873e+07 4.3179737007371187e+07 4.0314287542932294e+07 3.7336158534178384e+07 3.4299826355793998e+07 3.1256896702135082e+07 2.8254748126760200e+07 2.5335452742340259e+07 2.2534999118926249e+07 1.9882823988682490e+07 1.7401642294724204e+07 1.5107550439486960e+07 1.3010366037037874e+07 1.1114159479801524e+07 9.4179283029731847e+06 7.9163644919293011e+06 6.6006671156723658e+06 5.4593573985955566e+06 4.4790598803556459e+06 3.6452209469552026e+06 2.9427440655361270e+06 2.3565289231080860e+06 1.8719088736278214e+06 1.4749872906391125e+06 1.1528783934315157e+06 8.9386178077032301e+05 6.8746229469402542e+05
5.9203086075779516e+05 7.6977859520787618e+05 9.9283930606857047e+05 1.2702340215946506e+06 1.6120561524138253e+06 2.0294027141797876e+06 2.5342412457466600e+06 3.1392024137683730e+06 3.8572903515135944e+06 4.7015059368652394e+06 5.6843824951977227e+06 6.8174387459537769e+06 8.1105600158711681e+06 9.5713255173578449e+06 1.1204306422521314e+07 1.3010366037037857e+07 1.4985999008033101e+07 1.7122750572894409e+07 1.9406758783028271e+07 2.1818461914936043e+07 2.4332509554470412e+07 2.6917908955892202e+07 2.9538428329806253e+07 3.2153266069984529e+07 3.4717980228286222e+07 3.7185656675391987e+07 3.9508278420479022e+07 4.1638243694813609e+07 4.3529967835508324e+07 4.5141494844334565e+07 4.6436039647774130e+07 4.7383382155801646e+07 4.7961039445803687e+07 4.8155152612848997e+07 4.7961039445803694e+07 4.7383382155801654e+07 4.6436039647774138e+07 4.5141494844334565e+07 4.3529967835508332e+07 4.1638243694813631e+07 3.9508278420479037e+07 3.7185656675391987e+07 3.4717980228286244e+07 3.2153266069984552e+07 2.9538428329806272e+07 2.6917908955892213e+07 2.4332509554470431e+07 2.1818461914936058e+07 1.9406758783028290e+07 1.7122750572894413e+07 1.4985999008033101e+07 1.3010366037037874e+07 1.1204306422521325e+07 9.5713255173578449e+06 8.1105600158711839e+06 6.8174387459537871e+06 5.6843824951977329e+06 4.7015059368652441e+06 3.8572903515135944e+06 3.1392024137683795e+06 2.5342412457466628e+06 2.0294027141797876e+06 1.6120561524138309e+06 1.2702340215946550e+06 9.9283930606857163e+05 7.6977859520787618e+05 5.9203086075779516e+05
5.0574483336553269e+05 6.5758657726633572e+05 8.4813712035836442e+05 1.0851027136732894e+06 1.3771056953599474e+06 1.7336257373486969e+06 2.1648861596465837e+06 2.6816767619508924e+06 3.2951063793730349e+06 4.0162810660975599e+06 4.8559074676275151e+06 5.8238254981148317e+06 6.9284797391770203e+06 8.1763447646418624e+06 9.5713255173578374e+06 1.1114159479801510e+07 1.2801852189652000e+07 1.4627181130665476e+07 1.6578304675409593e+07 1.8638512139953945e+07 2.0786147827225138e+07 2.2994736054841775e+07 2.5233325665516663e+07 2.7467061716863129e+07 2.9657979489224263e+07 3.1766002391854886e+07 3.3750111709968232e+07 3.5569643433979854e+07 3.7185656675391957e+07 3.8562310347634077e+07 3.9668180648148037e+07 4.0477451938920282e+07 4.0970918089486353e+07 4.1136740072475083e+07 4.0970918089486361e+07 4.0477451938920282e+07 3.9668180648148045e+07 3.8562310347634077e+07 3.7185656675391965e+07 3.5569643433979876e+07 3.3750111709968239e+07 3.1766002391854886e+07 2.9657979489224274e+07 2.7467061716863148e+07 2.5233325665516675e+07 2.2994736054841783e+07 2.0786147827225149e+07 1.8638512139953963e+07 1.6578304675409609e+07 1.4627181130665481e+07 1.2801852189652000e+07 1.1114159479801524e+07 9.5713255173578449e+06 8.1763447646418633e+06 6.9284797391770352e+06 5.8238254981148401e+06 4.8559074676275235e+06 4.0162810660975627e+06 3.2951063793730349e+06 2.6816767619508980e+06 2.1648861596465865e+06 1.7336257373486969e+06 1.3771056953599523e+06 1.0851027136732934e+06 8.4813712035836559e+05 6.5758657726633572e+05 5.0574483336553269e+05
4.2855859580672177e+05 5.5722641455226648e+05 7.1869533680363011e+05 9.1949549377162417e+05 1.1669332915445645e+06 1.4690416246241068e+06 1.8344835408115434e+06 2.2724021120717092e+06 2.7922107549386173e+06 3.4033205294415117e+06 4.1148040442555086e+06 4.9349994563198462e+06 5.8710625442039091e+06 6.9284797391770333e+06 8.1105600158711765e+06 9.4179283029731717e+06 1.0848047149810728e+07 1.2394796332873007e+07 1.4048141481288236e+07 1.5793922277900971e+07 1.7613788095049370e+07 1.9485303940785240e+07 2.1382242390465762e+07 2.3275068025870726e+07 2.5131610262402982e+07 2.6917908955892235e+07 2.8599205624093920e+07 3.0141042355235800e+07 3.1510421377728131e+07 3.2676971633441448e+07 3.3614065187079549e+07 3.4299826355794005e+07 3.4717980228286259e+07 3.4858494636927135e+07 3.4717980228286259e+07 3.4299826355794013e+07 3.3614065187079556e+07 3.2676971633441448e+07 3.1510421377728134e+07 3.0141042355235811e+07 2.8599205624093924e+07 2.6917908955892235e+07 2.5131610262402993e+07 2.3275068025870744e+07 2.1382242390465774e+07 1.9485303940785248e+07 1.7613788095049381e+07 1.5793922277900986e+07 1.4048141481288251e+07 1.2394796332873011e+07 1.0848047149810728e+07 9.4179283029731847e+06 8.1105600158711839e+06 6.9284797391770352e+06 5.8710625442039203e+06 4.9349994563198527e+06 4.1148040442555160e+06 3.4033205294415145e+06 2.7922107549386173e+06 2.2724021120717139e+06 1.8344835408115459e+06 1.4690416246241068e+06 1.1669332915445687e+06 9.1949549377162743e+05 7.1869533680363104e+05 5.5722641455226648e+05 4.2855859580672177e+05
3.6023060926089034e+05 4.6838405010304088e+05 6.0410889335304243e+05 7.7289412737244216e+05 9.8088124866242940e+05 1.2348224131913444e+06 1.5419994606377061e+06 1.9100977213545521e+06 2.3470297674065987e+06 2.8607061900672363e+06 3.4587530908371727e+06 4.1481792180736316e+06 4.9349994563198434e+06 5.8238254981148383e+06 6.8174387459537797e+06 7.9163644919292899e+06 9.1184698482388742e+06 1.0418610379872495e+07 1.1808351563364616e+07 1.3275790756401811e+07 1.4805503095622035e+07 1.6378630551114479e+07 1.7973127313389208e+07 1.9564166995099567e+07 2.1124708184865382e+07 2.2626205233282473e+07 2.4039441437294457e+07 2.5335452742340244e+07 2.6486502434046730e+07 2.7467061716863163e+07 2.8254748126760192e+07 2.8831173768505756e+07 2.9182658549645510e+07 2.9300769798678685e+07 2.9182658549645513e+07 2.8831173768505763e+07 2.8254748126760200e+07 2.7467061716863163e+07 2.6486502434046742e+07 2.5335452742340256e+07 2.4039441437294465e+07 2.2626205233282473e+07 2.1124708184865393e+07 1.9564166995099578e+07 1.7973127313389219e+07 1.6378630551114485e+07 1.4805503095622044e+07 1.3275790756401820e+07 1.1808351563364629e+07 1.0418610379872499e+07 9.1184698482388742e+06 7.9163644919293011e+06 6.8174387459537871e+06 5.8238254981148401e+06 4.9349994563198527e+06 4.1481792180736377e+06 3.4587530908371792e+06 2.8607061900672386e+06 2.3470297674065987e+06 1.9100977213545563e+06 1.5419994606377082e+06 1.2348224131913444e+06 9.8088124866243300e+05 7.7289412737244496e+05 6.0410889335304324e+05 4.6838405010304088e+05 3.6023060926089034e+05
3.0036039131739055e+05 3.9053876311184256e+05 5.0370617860078468e+05 6.4443935794576467e+05 8.1785908279317361e+05 1.0295953028384248e+06 1.2857196182152159e+06 1.5926400597041014e+06 1.9569541322937927e+06 2.3852576893885927e+06 2.8839093767340104e+06 3.4587530908371741e+06 4.1148040442555081e+06 4.8559074676275225e+06 5.6843824951977273e+06 6.6006671156723555e+06 7.6029829265544452e+06 8.6870404963714890e+06 9.8458071168983877e+06 1.1069358361362219e+07 1.2344832974010887e+07 1.3656507123782095e+07 1.4985999008033101e+07 1.6312608377460446e+07 1.7613788095049359e+07 1.8865736789664157e+07 2.0044093565430321e+07 2.1124708184865370e+07 2.2084453767108038e+07 2.2902044394681111e+07 2.3558817562284745e+07 2.4039441437294453e+07 2.4332509554470427e+07 2.4430990749756355e+07 2.4332509554470427e+07 2.4039441437294457e+07 2.3558817562284749e+07 2.2902044394681111e+07 2.2084453767108042e+07 2.1124708184865378e+07 2.0044093565430325e+07 1.8865736789664157e+07 1.7613788095049370e+07 1.6312608377460457e+07 1.4985999008033110e+07 1.3656507123782096e+07 1.2344832974010896e+07 1.1069358361362228e+07 9.8458071168983970e+06 8.6870404963714927e+06 7.6029829265544452e+06 6.6006671156723658e+06 5.6843824951977329e+06 4.8559074676275235e+06 4.1148040442555160e+06 3.4587530908371792e+06 2.8839093767340155e+06 2.3852576893885951e+06 1.9569541322937927e+06 1.5926400597041047e+06 1.2857196182152175e+06 1.0295953028384248e+06 8.1785908279317676e+05 6.4443935794576700e+05 5.0370617860078544e+05 3.9053876311184256e+05 3.0036039131739055e+05
2.4842560544982422e+05 3.2301139391966042e+05 4.1661123105772224e+05 5.3301048440904485e+05 6.7644451029108907e+05 8.5156979372040660e+05 1.0634081051529734e+06 1.3172594740614449e+06 1.6185806424752546e+06 1.9728269864119780e+06 2.3852576893885909e+06 2.8607061900672349e+06 3.4033205294415080e+06 4.0162810660975627e+06 4.7015059368652394e+06 5.4593573985955482e+06 6.2883645492327828e+06 7.1849796353400825e+06 8.1433859618761670e+06 9.1553751172092929e+06 1.0210309662651071e+07 1.1295184547054408e+07 1.2394796332872992e+07 1.3492024014425544e+07 1.4568219040418446e+07 1.5603695492848378e+07 1.6578304675409604e+07 1.7472072125617146e+07 1.8265869790817566e+07 1.8942092264007501e+07 1.9485303940785222e+07 1.9882823988682471e+07 2.0125218214259800e+07 2.0206671199645203e+07 2.0125218214259800e+07 1.9882823988682479e+07 1.9485303940785225e+07 1.8942092264007501e+07 1.8265869790817570e+07 1.7472072125617154e+07 1.6578304675409606e+07 1.5603695492848378e+07 1.4568219040418452e+07 1.3492024014425552e+07 1.2394796332872998e+07 1.1295184547054412e+07 1.0210309662651077e+07 9.1553751172093023e+06 8.1433859618761754e+06 7.1849796353400853e+06 6.2883645492327828e+06 5.4593573985955566e+06 4.7015059368652441e+06 4.0162810660975627e+06 3.4033205294415145e+06 2.8607061900672386e+06 2.3852576893885951e+06 1.9728269864119797e+06 1.6185806424752546e+06 1.3172594740614477e+06 1.0634081051529748e+06 8.5156979372040660e+05 6.7644451029109152e+05 5.3301048440904671e+05 4.1661123105772276e+05 3.2301139391966042e+05 2.4842560544982422e+05
2.0381760734507308e+05 2.6501056255732535e+05 3.4180335055848572e+05 4.3730162768600689e+05 5.5498023780437559e+05 6.9865953442744631e+05 8.7245956483102229e+05 1.0807286703385308e+06 1.3279437650841840e+06 1.6185806424752534e+06 1.9569541322937889e+06 2.3470297674065954e+06 2.7922107549386118e+06 3.2951063793730349e+06 3.8572903515135907e+06 4.4790598803556394e+06 5.1592081831398485e+06 5.8948245509815961e+06 6.6811367509066528e+06 7.5114102966858102e+06 8.3769178379405793e+06 9.2669895469637904e+06 1.0169151958073435e+07 1.1069358361362213e+07 1.1952308791682666e+07 1.2801852189652003e+07 1.3601457815354250e+07 1.4334737876780935e+07 1.4985999008033093e+07 1.5540797078340614e+07 1.5986468143697450e+07 1.6312608377460435e+07 1.6511477616410164e+07 1.6578304675409600e+07 1.6511477616410168e+07 1.6312608377460441e+07 1.5986468143697452e+07 1.5540797078340614e+07 1.4985999008033095e+07 1.4334737876780942e+07 1.3601457815354252e+07 1.2801852189652003e+07 1.1952308791682672e+07 1.1069358361362219e+07 1.0169151958073441e+07 9.2669895469637942e+06 8.3769178379405858e+06 7.5114102966858158e+06 6.6811367509066593e+06 5.8948245509815980e+06 5.1592081831398485e+06 4.4790598803556459e+06 3.8572903515135944e+06 3.2951063793730349e+06 2.7922107549386173e+06 2.3470297674065987e+06 1.9569541322937927e+06 1.6185806424752546e+06 1.3279437650841840e+06 1.0807286703385331e+06 8.7245956483102345e+05 6.9865953442744631e+05 5.5498023780437757e+05 4.3730162768600846e+05 3.4180335055848619e+05 2.6501056255732535e+05 2.0381760734507308e+05
1.6587414133734655e+05 2.1567518175748087e+05 2.7817193037757149e+05 3.5589188266267744e+05 4.5166299224159011e+05 5.6859440099351364e+05 7.1003915242163290e+05 8.7953608398293017e+05 1.0807286703385331e+06 1.3172594740614465e+06 1.5926400597041019e+06 1.9100977213545535e+06 2.2724021120717092e+06 2.6816767619508975e+06 3.1392024137683762e+06 3.6452209469551975e+06 4.1987502380501330e+06 4.7974214468768667e+06 5.4373507576200087e+06 6.1130574017867390e+06 6.8174387459537825e+06 7.5418112983845845e+06 8.2760237015175764e+06 9.0086442347333319e+06 9.7272212329653073e+06 1.0418610379872499e+07 1.1069358361362226e+07 1.1666128199519627e+07 1.2196148065516509e+07 1.2647662803259809e+07 1.3010366037037872e+07 1.3275790756401815e+07 1.3437637736546906e+07 1.3492024014425561e+07 1.3437637736546909e+07 1.3275790756401816e+07 1.3010366037037874e+07 1.2647662803259809e+07 1.2196148065516513e+07 1.1666128199519634e+07 1.1069358361362230e+07 1.0418610379872499e+07 9.7272212329653110e+06 9.0086442347333375e+06 8.2760237015175810e+06 7.5418112983845873e+06 6.8174387459537871e+06 6.1130574017867446e+06 5.4373507576200133e+06 4.7974214468768686e+06 4.1987502380501330e+06 3.6452209469552026e+06 3.1392024137683795e+06 2.6816767619508980e+06 2.2724021120717139e+06 1.9100977213545563e+06 1.5926400597041047e+06 1.3172594740614477e+06 1.0807286703385331e+06 8.7953608398293203e+05 7.1003915242163383e+05 5.6859440099351364e+05 4.5166299224159162e+05 3.5589188266267872e+05 2.7817193037757184e+05 2.1567518175748087e+05 1.6587414133734655e+05
1.3390824648204132e+05 1.7411204161174051e+05 2.2456493288865846e+05 2.8730733772197441e+05 3.6462222986824147e+05 4.5901958305664640e+05 5.7320626993333793e+05 7.1003915242163232e+05 8.7245956483102345e+05 1.0634081051529739e+06 1.2857196182152154e+06 1.5419994606377061e+06 1.8344835408115422e+06 2.1648861596465860e+06 2.5342412457466605e+06 2.9427440655361228e+06 3.3896017622775598e+06 3.8729019991133441e+06 4.3895094171424117e+06 4.9349994563198406e+06 5.5036382440875107e+06 6.0884156995346304e+06 6.6811367509066584e+06 7.2725727043874431e+06 7.8526714769856287e+06 8.4108218164696284e+06 8.9361630203514006e+06 9.4179283029731642e+06 9.8458071168983895e+06 1.0210309662651077e+07 1.0503115724144466e+07 1.0717389983269215e+07 1.0848047149810720e+07 1.0891952553297358e+07 1.0848047149810722e+07 1.0717389983269216e+07 1.0503115724144468e+07 1.0210309662651077e+07 9.8458071168983914e+06 9.4179283029731698e+06 8.9361630203514043e+06 8.4108218164696284e+06 7.8526714769856315e+06 7.2725727043874469e+06 6.6811367509066621e+06 6.0884156995346323e+06 5.5036382440875145e+06 4.9349994563198453e+06 4.3895094171424164e+06 3.8729019991133451e+06 3.3896017622775598e+06 2.9427440655361270e+06 2.5342412457466628e+06 2.1648861596465865e+06 1.8344835408115459e+06 1.5419994606377082e+06 1.2857196182152175e+06 1.0634081051529748e+06 8.7245956483102345e+05 7.1003915242163383e+05 5.7320626993333863e+05 4.5901958305664640e+05 3.6462222986824281e+05 2.8730733772197540e+05 2.2456493288865878e+05 1.7411204161174051e+05 1.3390824648204132e+05
1.0723278982133520e+05 1.3942770855429937e+05 1.7983003199822552e+05 2.3007371218321248e+05 2.9198693857059366e+05 3.6757968061654462e+05 4.5901958305664582e+05 5.6859440099351236e+05 6.9865953442744631e+05 8.5156979372040590e+05 1.0295953028384231e+06 1.2348224131913427e+06 1.4690416246241040e+06 1.7336257373486969e+06 2.0294027141797857e+06 2.3565289231080827e+06 2.7143694499881561e+06 3.1013929088022751e+06 3.5150885260104593e+06 3.9519131447884366e+06 4.4072751199833481e+06 4.8755608276946051e+06 5.3502077116188267e+06 5.8238254981148327e+06 6.2883645492327800e+06 6.7353274481952535e+06 7.1560170201992933e+06 7.5418112983845742e+06 7.8844536682762532e+06 8.1763447646418633e+06 8.4108218164696209e+06 8.5824111486914270e+06 8.6870404963714853e+06 8.7221996372593082e+06 8.6870404963714853e+06 8.5824111486914288e+06 8.4108218164696209e+06 8.1763447646418633e+06 7.8844536682762550e+06 7.5418112983845770e+06 7.1560170201992951e+06 6.7353274481952535e+06 6.2883645492327828e+06 5.8238254981148364e+06 5.3502077116188304e+06 4.8755608276946070e+06 4.4072751199833509e+06 3.9519131447884403e+06 3.5150885260104630e+06 3.1013929088022760e+06 2.7143694499881561e+06 2.3565289231080860e+06 2.0294027141797876e+06 1.7336257373486969e+06 1.4690416246241068e+06 1.2348224131913444e+06 1.0295953028384248e+06 8.5156979372040660e+05 6.9865953442744631e+05 5.6859440099351364e+05 4.5901958305664640e+05 3.6757968061654462e+05 2.9198693857059471e+05 2.3007371218321333e+05 1.7983003199822578e+05 1.3942770855429937e+05 1.0723278982133520e+05
8.5180372216979435e+04 1.1075440760054515e+05 1.4284799534659204e+05 1.8275906533590006e+05 2.3193983996293452e+05 2.9198693857059471e+05 3.6462222986824228e+05 4.5166299224159075e+05 5.5498023780437757e+05 6.7644451029109082e+05 8.1785908279317524e+05 9.8088124866243161e+05 1.1669332915445664e+06 1.3771056953599520e+06 1.6120561524138295e+06 1.8719088736278187e+06 2.1561595149172074e+06 2.4635916197185158e+06 2.7922107549386183e+06 3.1392024137683799e+06 3.5009192226398792e+06 3.8729019991133506e+06 4.2499377762451181e+06 4.6261560897808252e+06 4.9951627093929583e+06 5.3502077116188416e+06 5.6843824951977376e+06 5.9908382003020803e+06 6.2630161847908720e+06 6.4948798924932536e+06 6.6811367509066714e+06 6.8174387459537899e+06 6.9005510737693440e+06 6.9284797391770408e+06 6.9005510737693440e+06 6.8174387459537908e+06 6.6811367509066723e+06 6.4948798924932536e+06 6.2630161847908730e+06 5.9908382003020830e+06 5.6843824951977385e+06 5.3502077116188416e+06 4.9951627093929611e+06 4.6261560897808280e+06 4.2499377762451209e+06 3.8729019991133520e+06 3.5009192226398815e+06 3.1392024137683823e+06 2.7922107549386206e+06 2.4635916197185167e+06 2.1561595149172074e+06 1.8719088736278214e+06 1.6120561524138309e+06 1.3771056953599523e+06 1.1669332915445687e+06 9.8088124866243300e+05 8.1785908279317676e+05 6.7644451029109152e+05 5.5498023780437757e+05 4.5166299224159162e+05 3.6462222986824281e+05 2.9198693857059471e+05 2.3193983996293534e+05 1.8275906533590070e+05 1.4284799534659224e+05 1.1075440760054515e+05 8.5180372216979435e+04
6.7118633926051756e+04 8.7269923175516713e+04 1.1255835185029960e+05 1.4400663537488627e+05 1.8275906533590006e+05 2.3007371218321333e+05 2.8730733772197500e+05 3.5589188266267796e+05 4.3730162768600846e+05 5.3301048440904636e+05 6.4443935794576583e+05 7.7289412737244391e+05 9.1949549377162568e+05 1.0851027136732934e+06 1.2702340215946536e+06 1.4749872906391101e+06 1.6989651183873776e+06 1.9412089870419153e+06 2.2001473652606606e+06 2.4735625373036140e+06 2.7585805226406907e+06 3.0516876687015346e+06 3.3487763716936917e+06 3.6452209469552008e+06 3.9359830036758166e+06 4.2157438794673774e+06 4.4790598803556487e+06 4.7205343861614401e+06 4.9349994563198481e+06 5.1176985325620985e+06 5.2644612851856975e+06 5.3718616577228643e+06 5.4373507576200133e+06 5.4593573985955594e+06 5.4373507576200143e+06 5.3718616577228652e+06 5.2644612851856984e+06 5.1176985325620985e+06 4.9349994563198490e+06 4.7205343861614419e+06 4.4790598803556496e+06 4.2157438794673774e+06 3.9359830036758184e+06 3.6452209469552026e+06 3.3487763716936931e+06 3.0516876687015360e+06 2.7585805226406925e+06 2.4735625373036158e+06 2.2001473652606630e+06 1.9412089870419160e+06 1.6989651183873776e+06 1.4749872906391125e+06 1.2702340215946550e+06 1.0851027136732934e+06 9.1949549377162743e+05 7.7289412737244496e+05 6.4443935794576700e+05 5.3301048440904671e+05 4.3730162768600846e+05 3.5589188266267872e+05 2.8730733772197540e+05 2.3007371218321333e+05 1.8275906533590070e+05 1.4400663537488677e+05 1.1255835185029975e+05 8.7269923175516713e+04 6.7118633926051756e+04
5.2461213287102939e+04 6.8211847969135022e+04 8.7977769484539080e+04 1.1255835185029935e+05 1.4284799534659172e+05 1.7983003199822578e+05 2.2456493288865846e+05 2.7817193037757126e+05 3.4180335055848619e+05 4.1661123105772241e+05 5.0370617860078451e+05 6.0410889335304231e+05 7.1869533680362965e+05 8.4813712035836559e+05 9.9283930606857082e+05 1.1528783934315140e+06 1.3279437650841854e+06 1.5172862251077343e+06 1.7196774344240120e+06 1.9333839838194975e+06 2.1561595149172046e+06 2.3852576893885951e+06 2.6174679252231303e+06 2.8491746984529453e+06 3.0764399060586728e+06 3.2951063793730396e+06 3.5009192226398755e+06 3.6896603338852632e+06 3.8572903515135967e+06 4.0000914582325039e+06 4.1148040442555118e+06 4.1987502380501330e+06 4.2499377762451144e+06 4.2671385894682026e+06 4.2499377762451153e+06 4.1987502380501349e+06 4.1148040442555123e+06 4.0000914582325039e+06 3.8572903515135981e+06 3.6896603338852650e+06 3.5009192226398764e+06 3.2951063793730396e+06 3.0764399060586742e+06 2.8491746984529472e+06 2.6174679252231317e+06 2.3852576893885955e+06 2.1561595149172060e+06 1.9333839838194994e+06 1.7196774344240134e+06 1.5172862251077348e+06 1.3279437650841854e+06 1.1528783934315157e+06 9.9283930606857163e+05 8.4813712035836559e+05 7.1869533680363104e+05 6.0410889335304324e+05 5.0370617860078544e+05 4.1661123105772276e+05 3.4180335055848619e+05 2.7817193037757184e+05 2.2456493288865878e+05 1.7983003199822578e+05 1.4284799534659224e+05 1.1255835185029975e+05 8.7977769484539196e+04 6.8211847969135022e+04 5.2461213287102939e+04
4.0674778708104175e+04 5.2886726165319080e+04 6.8211847969134920e+04 8.7269923175516407e+04 1.1075440760054477e+05 1.3942770855429937e+05 1.7411204161174028e+05 2.1567518175748043e+05 2.6501056255732535e+05 3.2301139391966019e+05 3.9053876311184192e+05 4.6838405010304024e+05 5.5722641455226531e+05 6.5758657726633560e+05 7.6977859520787548e+05 8.9386178077032173e+05 1.0295953028384243e+06 1.1763982869661138e+06 1.3333183644022371e+06 1.4990115701152449e+06 1.6717362339424016e+06 1.8493630360153399e+06 2.0294027141797864e+06 2.2090520424313797e+06 2.3852576893885927e+06 2.5547964753916608e+06 2.7143694499881575e+06 2.8607061900672349e+06 2.9906748553848607e+06 3.1013929088022769e+06 3.1903330754351988e+06 3.2554191198104494e+06 3.2951063793730363e+06 3.3084426944830134e+06 3.2951063793730368e+06 3.2554191198104504e+06 3.1903330754351998e+06 3.1013929088022769e+06 2.9906748553848611e+06 2.8607061900672363e+06 2.7143694499881580e+06 2.5547964753916608e+06 2.3852576893885941e+06 2.2090520424313811e+06 2.0294027141797876e+06 1.8493630360153406e+06 1.6717362339424025e+06 1.4990115701152461e+06 1.3333183644022385e+06 1.1763982869661143e+06 1.0295953028384243e+06 8.9386178077032301e+05 7.6977859520787618e+05 6.5758657726633572e+05 5.5722641455226648e+05 4.6838405010304088e+05 3.9053876311184256e+05 3.2301139391966042e+05 2.6501056255732535e+05 2.1567518175748087e+05 1.7411204161174051e+05 1.3942770855429937e+05 1.1075440760054515e+05 8.7269923175516713e+04 6.8211847969135022e+04 5.2886726165319080e+04 4.0674778708104175e+04
3.1282662832666625e+04 4.0674778708104175e+04 5.2461213287102873e+04 6.7118633926051509e+04 8.5180372216979129e+04 1.0723278982133520e+05 1.3390824648204111e+05 1.6587414133734620e+05 2.0381760734507308e+05 2.4842560544982404e+05 3.0036039131739002e+05 3.6023060926088988e+05 4.2855859580672096e+05 5.0574483336553257e+05 5.9203086075779458e+05 6.8746229469402437e+05 7.9185391379583313e+05 9.0475897194629884e+05 1.0254450095849528e+06 1.1528783934315122e+06 1.2857196182152147e+06 1.4223310402261084e+06 1.5607981868807510e+06 1.6989651183873732e+06 1.8344835408115406e+06 1.9648745312003065e+06 2.0876008918605868e+06 2.2001473652606560e+06 2.3001052768972572e+06 2.3852576893885909e+06 2.4536608948497809e+06 2.5037180763753257e+06 2.5342412457466582e+06 2.5444981042291480e+06 2.5342412457466582e+06 2.5037180763753261e+06 2.4536608948497814e+06 2.3852576893885909e+06 2.3001052768972577e+06 2.2001473652606574e+06 2.0876008918605873e+06 1.9648745312003065e+06 1.8344835408115415e+06 1.6989651183873743e+06 1.5607981868807520e+06 1.4223310402261091e+06 1.2857196182152154e+06 1.1528783934315129e+06 1.0254450095849539e+06 9.0475897194629908e+05 7.9185391379583313e+05 6.8746229469402542e+05 5.9203086075779516e+05 5.0574483336553269e+05 4.2855859580672177e+05 3.6023060926089034e+05 3.0036039131739055e+05 2.4842560544982422e+05 2.0381760734507308e+05 1.6587414133734655e+05 1.3390824648204132e+05 1.0723278982133520e+05 8.5180372216979435e+04 6.7118633926051756e+04 5.2461213287102939e+04 4.0674778708104175e+04 3.1282662832666625e+04
